,IN,US,BR,ID,MX,PH,VN,TH,TR,GB,EG,PK,AR,FR,DE,CO,IT,BD,ES,JP,CA,MY,PE,NG,DZ,TW,IQ,ZA,MA,SA,AU,KR,PL,CL,RU,VE,UA,EC,NL,RO,AE,NP,BE,KE,KH,SE,TN,PT,GT,HU,IL,BO,GR,LK,HK,DO,JO,CZ,ET,GH,SG,TZ,AT,CH,LY,LB,DK,BG,AF,CR,SV,RS,NO,PY,CM,HN,KW,CN,NZ,QA,SN,FI,AO,NI,IE,UG,CD,SK,UY,GE,LA,YE,KZ,OM,MZ,PR,MG,HT,MN,HR,ZM,AZ,PA,GN,ML,BA,LT,PS,AL,SO,AM,BJ,MK,BH,JM,SI,BF,UZ,CY,MD,BY,LV,BW,TT,MU,MR,EE,PG,GA,NA,CG,TG,KG,SL,FJ,RE,NE,RW,MW,MO,BI,GY,BT,MT,ME,GM,BN,MV,LU,SR,LS,IS,CV,BS,BZ,GP,TJ,MQ,DJ,BB,SZ,PF,NC,KM,TD,GU,GF,CF,LC,SB,JE,YT,WS,VU,AW,SC,AG,VC,GD,ST,TO,KY,ER,IM,GQ,KN,AD,MP,GL,DM,BM,FO,FM,KI,AS,VI,GG,TM,TC,MH,GI,MC,FK,VG,LI,SM,NR,PW,AX,AI,VA,TV
18,15M-20M,3M-3.5M,4M-4.5M,7M-8M,3.5M–4M,4.5M–5M,3M–3.5M,2M–2.5M,1M–1.5M,700K-800K,2M-2.5M,2.5M–3M,900K-1M,800K-900K,600K-700K,1M-1.5M,500K-600K,2.5M–3M,250K–300K,200K-250K,300K-350K,700K-800K,1M–1.5M,1M–1.5M,1M–1.5M,450K–500K,1M–1.5M,700K–800K,1M–1.5M,500K–600K,300K-350K,800K–900K,600K–700K,300K-350K,200K–250K,500K–600K,250K–300K,600K–700K,200K–250K,300K–350K,150K–200K,600K–700K,150K-200K,300K–350K,500K–600K,100K–150K,300K–350K,100K–150K,500K–600K,100K–150K,150K-200K,350K–400K,100K-150K,200K–250K,100K-150K,200K-250K,250K-300K,100K–150K,150K–200K,250K–300K,60K–70K,150K–200K,70K-80K,50K–60K,150K–200K,150K-200K,80K-90K,100K–150K,350K–400K,100K–150K,150K–200K,80K–90K,70K–80K,100K–150K,150K–200K,150K–200K,60K-70K,100K-150K,70K–80K,60K–70K,150K–200K,60K-70K,200K–250K,150K–200K,60K-70K,100K–150K,100K–150K,70K–80K,60K–70K,90K–100K,150K–200K,100K–150K,45K–50K,50K–60K,150K–200K,25K–30K,150K–200K,90K–100K,100K–150K,40K–45K,100K–150K,50K–60K,50K–60K,100K–150K,100K–150K,45K–50K,50K–60K,90K–100K,45K–50K,100K–150K,40K–45K,60K–70K,25K–30K,20K–25K,30K–35K,20K–25K,50K–60K,15K–20K,15K–20K,30K–35K,20K–25K,20K–25K,40K–45K,15K–20K,25K–30K,50K–60K,15K–20K,45K–50K,30K–35K,15K–20K,35K–40K,25K–30K,15K–20K,25K–30K,20K–25K,15K–20K,25K–30K,25K–30K,20K–25K,7K–8K,25K–30K,15K–20K,25K–30K,6K–7K,8K–9K,15K–20K,7K–8K,10K–15K,7K–8K,10K–15K,15K–20K,5K–6K,10K–15K,5K–6K,10K–15K,5K–6K,7K–8K,4K–4.5K,10K–15K,3K–3.5K,9K–10K,6K–7K,6K–7K,10K–15K,7K–8K,2.5K–3K,4.5K–5K,4.5K–5K,2.5K–3K,5K–6K,1K–1.5K,7K–8K,4.5K–5K,5K–6K,1K–1.5K,2K–2.5K,1K–1.5K,2K–2.5K,2K–2.5K,3.5K–4K,3.5K–4K,0,1K–1.5K,0,0,0,0,1K–1.5K,1K–1.5K,0,0,0,1.5K–2K,1K–1.5K,1K–1.5K,0,0,0,0,1K–1.5K,0,0,0.0,0.0,0.0,0.0,0.0,0.0,0.0,0.0,0.0,0.0
19,10M-15M,3.5M-4M,4.5M-5M,6M-7M,3.5M–4M,3.5M–4M,2.5M–3M,2M–2.5M,1M–1.5M,800K-900K,2M-2.5M,2M–2.5M,900K-1M,800K-900K,700K-800K,1M-1.5M,600K-700K,2.5M–3M,300K–350K,250K-300K,350K-400K,700K-800K,1M–1.5M,1M–1.5M,1M–1.5M,450K–500K,1M–1.5M,600K–700K,1M–1.5M,600K–700K,350K-400K,700K–800K,500K–600K,300K-350K,200K–250K,450K–500K,200K–250K,500K–600K,200K–250K,300K–350K,200K–250K,600K–700K,150K-200K,400K–450K,450K–500K,100K–150K,300K–350K,100K–150K,400K–450K,100K–150K,150K-200K,300K–350K,100K-150K,200K–250K,90K-100K,200K-250K,250K-300K,100K–150K,150K–200K,250K–300K,70K–80K,200K–250K,80K-90K,60K–70K,150K–200K,150K-200K,80K-90K,90K–100K,300K–350K,100K–150K,150K–200K,90K–100K,70K–80K,100K–150K,150K–200K,150K–200K,70K-80K,100K-150K,70K–80K,80K–90K,150K–200K,60K-70K,200K–250K,100K–150K,60K-70K,100K–150K,100K–150K,70K–80K,70K–80K,80K–90K,100K–150K,100K–150K,40K–45K,60K–70K,100K–150K,35K–40K,150K–200K,90K–100K,80K–90K,45K-50K,100K–150K,50K–60K,60K–70K,100K–150K,90K–100K,45K–50K,45K–50K,80K–90K,45K–50K,100K–150K,35K–40K,60K–70K,30K–35K,30K–35K,35K–40K,20K–25K,45K–50K,20K–25K,20K–25K,30K–35K,20K–25K,20K–25K,40K–45K,15K–20K,25K–30K,45K–50K,15K–20K,45K–50K,25K–30K,20K–25K,30K–35K,25K–30K,15K–20K,30K–35K,20K–25K,15K–20K,20K–25K,25K–30K,20K–25K,7K–8K,20K–25K,15K–20K,20K–25K,7K–8K,9K–10K,15K–20K,7K–8K,10K–15K,7K–8K,10K–15K,15K–20K,5K–6K,10K–15K,6K–7K,10K–15K,5K–6K,6K–7K,4K–4.5K,10K–15K,3.5K–4K,10K–15K,6K–7K,6K–7K,9K–10K,8K–9K,2.5K–3K,4K–4.5K,4.5K–5K,2.5K–3K,5K–6K,1K–1.5K,5K–6K,4.5K–5K,4.5K–5K,1K–1.5K,1.5K–2K,1.5K–2K,2K–2.5K,2K–2.5K,3K–3.5K,3K–3.5K,0,1.5K–2K,1K–1.5K,0,1K–1.5K,0,1K–1.5K,1K–1.5K,0,0,0,1K–1.5K,1K–1.5K,1K–1.5K,0,0,0,0,1K–1.5K,0,0,0.0,0.0,0.0,0.0,0.0,0.0,0.0,0.0,0.0,0.0
20,10M-15M,4.5M-5M,4M-4.5M,5M-6M,3M–3.5M,3M–3.5M,2M–2.5M,2M–2.5M,1M–1.5M,900K-1M,1.5M-2M,2M–2.5M,1M-1.5M,900K-1M,800K-900K,1M-1.5M,600K-700K,2M–2.5M,400K–450K,300K-350K,450K-500K,800K-900K,1M–1.5M,900K–1M,1M–1.5M,450K–500K,800K–900K,600K–700K,800K–900K,450K–500K,350K-400K,700K–800K,450K–500K,350K-400K,200K–250K,450K–500K,200K–250K,500K–600K,200K–250K,250K–300K,200K–250K,500K–600K,150K-200K,400K–450K,350K–400K,100K–150K,250K–300K,150K–200K,350K–400K,150K–200K,150K-200K,250K–300K,100K-150K,200K–250K,100K-150K,200K-250K,200K-250K,100K–150K,100K–150K,250K–300K,80K–90K,200K–250K,100K-150K,80K–90K,150K–200K,100K-150K,80K-90K,80K–90K,200K–250K,100K–150K,150K–200K,90K–100K,70K–80K,100K–150K,150K–200K,150K–200K,50K-60K,100K-150K,80K–90K,70K–80K,150K–200K,60K-70K,150K–200K,100K–150K,70K-80K,150K–200K,100K–150K,70K–80K,70K–80K,80K–90K,100K–150K,100K–150K,35K–40K,50K–60K,100K–150K,40K–45K,100K–150K,80K–90K,70K–80K,50K-60K,100K–150K,50K–60K,60K–70K,100K–150K,80K–90K,50K–60K,45K–50K,70K–80K,50K–60K,80K–90K,35K–40K,50K–60K,30K–35K,25K–30K,35K–40K,25K–30K,45K–50K,20K–25K,25K–30K,25K–30K,15K–20K,15K–20K,40K–45K,15K–20K,25K–30K,35K–40K,15K–20K,45K–50K,25K–30K,20K–25K,25K–30K,25K–30K,15K–20K,30K–35K,20K–25K,15K–20K,20K–25K,25K–30K,20K–25K,7K–8K,20K–25K,15K–20K,20K–25K,7K–8K,9K–10K,10K–15K,8K–9K,10K–15K,7K–8K,10K–15K,15K–20K,6K–7K,9K–10K,6K–7K,9K–10K,5K–6K,6K–7K,4.5K–5K,10K–15K,3.5K–4K,9K–10K,5K–6K,5K–6K,7K–8K,7K–8K,3K–3.5K,4K–4.5K,4.5K–5K,3K–3.5K,4.5K–5K,1K–1.5K,3.5K–4K,4K–4.5K,3.5K–4K,1K–1.5K,1.5K–2K,1.5K–2K,2K–2.5K,2K–2.5K,2.5K–3K,2.5K–3K,0,2K–2.5K,0,0,1K–1.5K,0,0,1K–1.5K,0,0,1K–1.5K,1K–1.5K,1K–1.5K,0,0,0,0,0,0,0,0,0.0,0.0,0.0,0.0,0.0,0.0,0.0,0.0,0.0,0.0
21,10M-15M,5M-6M,4M-4.5M,5M-6M,3M–3.5M,2.5M–3M,2M–2.5M,2M–2.5M,1M–1.5M,900K-1M,1.5M-2M,1.5M–2M,1M-1.5M,900K-1M,900K-1M,1M-1.5M,700K-800K,1.5M–2M,450K–500K,400K-450K,500K-600K,800K-900K,900K–1M,800K–900K,900K–1M,500K–600K,700K–800K,600K–700K,700K–800K,350K–400K,350K-400K,700K–800K,450K–500K,400K-450K,200K–250K,450K–500K,250K–300K,500K–600K,200K–250K,250K–300K,200K–250K,400K–450K,150K-200K,400K–450K,300K–350K,100K–150K,250K–300K,150K–200K,300K–350K,150K–200K,150K-200K,250K–300K,150K-200K,200K–250K,100K-150K,200K-250K,200K-250K,100K–150K,100K–150K,200K–250K,90K–100K,200K–250K,100K-150K,90K–100K,100K–150K,100K-150K,90K-100K,90K–100K,150K–200K,100K–150K,150K–200K,100K–150K,70K–80K,100K–150K,100K–150K,150K–200K,50K-60K,100K-150K,80K–90K,70K–80K,100K–150K,70K-80K,150K–200K,100K–150K,70K-80K,150K–200K,100K–150K,70K–80K,80K–90K,80K–90K,100K–150K,90K–100K,35K–40K,50K–60K,100K–150K,45K–50K,100K–150K,80K–90K,60K–70K,60K-70K,90K–100K,50K–60K,60K–70K,80K–90K,70K–80K,60K–70K,45K–50K,60K–70K,50K–60K,60K–70K,35K–40K,50K–60K,30K–35K,25K–30K,35K–40K,25K–30K,45K–50K,25K–30K,25K–30K,25K–30K,15K–20K,15K–20K,40K–45K,15K–20K,25K–30K,30K–35K,15K–20K,40K–45K,20K–25K,20K–25K,25K–30K,25K–30K,15K–20K,25K–30K,20K–25K,15K–20K,20K–25K,25K–30K,20K–25K,8K–9K,20K–25K,15K–20K,15K–20K,8K–9K,10K–15K,10K–15K,9K–10K,10K–15K,7K–8K,10K–15K,15K–20K,6K–7K,9K–10K,6K–7K,8K–9K,5K–6K,7K–8K,4.5K–5K,9K–10K,4K–4.5K,8K–9K,5K–6K,5K–6K,6K–7K,6K–7K,3.5K–4K,3.5K–4K,4.5K–5K,3K–3.5K,4K–4.5K,1K–1.5K,3K–3.5K,3.5K–4K,3.5K–4K,1K–1.5K,1.5K–2K,1.5K–2K,2.5K–3K,2K–2.5K,2.5K–3K,2K–2.5K,0,2K–2.5K,1K–1.5K,0,1K–1.5K,0,1K–1.5K,0,1K–1.5K,0,1K–1.5K,1K–1.5K,1K–1.5K,0,0,0,0,0,0,0,0,0.0,0.0,0.0,0.0,0.0,0.0,0.0,0.0,0.0,0.0
22,10M-15M,5M-6M,4M-4.5M,5M-6M,3M–3.5M,2.5M–3M,2M–2.5M,1.5M–2M,1M–1.5M,1M-1.5M,1.5M-2M,1.5M–2M,1M-1.5M,900K-1M,900K-1M,1M-1.5M,700K–800K,1.5M–2M,500K–600K,500K-600K,600K-700K,800K-900K,900K–1M,900K–1M,900K–1M,500K–600K,700K–800K,600K–700K,700K–800K,400K–450K,400K-450K,700K–800K,450K–500K,400K-450K,250K–300K,500K–600K,250K–300K,500K–600K,200K–250K,250K–300K,250K–300K,400K–450K,150K-200K,400K–450K,350K–400K,100K–150K,250K–300K,150K–200K,300K–350K,150K–200K,150K-200K,250K–300K,150K-200K,250K–300K,100K-150K,200K-250K,200K-250K,100K–150K,100K–150K,200K–250K,100K–150K,200K–250K,100K-150K,90K–100K,100K–150K,100K-150K,90K-100K,80K–90K,150K–200K,100K–150K,150K–200K,100K–150K,70K–80K,100K–150K,100K–150K,150K–200K,60K-70K,150K-200K,80K–90K,90K–100K,100K–150K,70K-80K,100K–150K,100K–150K,70K-80K,150K–200K,100K–150K,70K–80K,80K–90K,80K–90K,100K–150K,90K–100K,40K–45K,60K–70K,100K–150K,45K–50K,90K–100K,80K–90K,60K–70K,60K-70K,90K–100K,60K–70K,60K–70K,90K–100K,70K–80K,60K–70K,45K–50K,60K–70K,50K–60K,50K–60K,35K–40K,50K–60K,35K–40K,30K–35K,40K–45K,25K–30K,45K–50K,30K–35K,30K–35K,25K–30K,20K–25K,15K–20K,40K–45K,20K–25K,25K–30K,30K–35K,15K–20K,35K–40K,20K–25K,25K–30K,25K–30K,25K–30K,15K–20K,25K–30K,20K–25K,15K–20K,20K–25K,25K–30K,20K–25K,9K–10K,20K–25K,15K–20K,15K–20K,9K–10K,10K–15K,10K–15K,10K–15K,10K–15K,7K–8K,10K–15K,10K–15K,6K–7K,9K–10K,7K–8K,8K–9K,5K–6K,7K–8K,4.5K–5K,8K–9K,4K–4.5K,9K–10K,5K–6K,5K–6K,6K–7K,6K–7K,3.5K–4K,3.5K–4K,4.5K–5K,3.5K–4K,4K–4.5K,1K–1.5K,2.5K–3K,3.5K–4K,3K–3.5K,1.5K–2K,1.5K–2K,1.5K–2K,2.5K–3K,2K–2.5K,2K–2.5K,2K–2.5K,0,2.5K–3K,1K–1.5K,0,1K–1.5K,0,1K–1.5K,1K–1.5K,1K–1.5K,0,1K–1.5K,0,1K–1.5K,0,0,0,0,0,0,0,0,0.0,0.0,0.0,0.0,0.0,0.0,0.0,0.0,0.0,0.0
23,10M-15M,5M-6M,4M-4.5M,5M-6M,3M–3.5M,2.5M–3M,2M–2.5M,1.5M–2M,1.5M–2M,1M-1.5M,1M-1.5M,1.5M–2M,1M-1.5M,900K-1M,900K-1M,1M-1.5M,700K-800K,1.5M–2M,500K–600K,600K-700K,600K-700K,800K-900K,900K–1M,800K–900K,900K–1M,500K–600K,700K–800K,600K–700K,600K–700K,500K–600K,400K-450K,600K–700K,450K–500K,450K-500K,250K–300K,500K–600K,250K–300K,450K–500K,200K–250K,250K–300K,300K–350K,450K–500K,150K-200K,350K–400K,350K–400K,100K–150K,250K–300K,150K–200K,300K–350K,150K–200K,150K-200K,250K–300K,150K-200K,250K–300K,100K-150K,200K-250K,200K-250K,100K–150K,150K–200K,250K–300K,100K–150K,200K–250K,100K-150K,90K–100K,100K–150K,100K-150K,90K-100K,80K–90K,150K–200K,100K–150K,150K–200K,100K–150K,70K–80K,100K–150K,100K–150K,100K–150K,80K-90K,150K-200K,80K–90K,100K–150K,100K–150K,70K-80K,100K–150K,100K–150K,70K-80K,150K–200K,100K–150K,70K–80K,80K–90K,70K–80K,100K–150K,100K–150K,45K–50K,70K–80K,90K–100K,50K–60K,80K–90K,80K–90K,60K–70K,60K-70K,80K–90K,60K–70K,60K–70K,90K–100K,70K–80K,60K–70K,40K–45K,60K–70K,50K–60K,50K–60K,35K–40K,50K–60K,35K–40K,35K–40K,45K–50K,25K–30K,45K–50K,35K–40K,30K–35K,25K–30K,20K–25K,20K–25K,35K–40K,20K–25K,25K–30K,35K–40K,15K–20K,30K–35K,20K–25K,25K–30K,25K–30K,25K–30K,15K–20K,25K–30K,20K–25K,10K–15K,20K–25K,20K–25K,20K–25K,10K–15K,15K–20K,15K–20K,15K–20K,8K–9K,10K–15K,15K–20K,10K–15K,10K–15K,7K–8K,9K–10K,10K–15K,6K–7K,9K–10K,7K–8K,8K–9K,5K–6K,7K–8K,4.5K–5K,9K–10K,4K–4.5K,8K–9K,5K–6K,4.5K–5K,5K–6K,6K–7K,4K–4.5K,3.5K–4K,4K–4.5K,3.5K–4K,3.5K–4K,1K–1.5K,2.5K–3K,3K–3.5K,3K–3.5K,1.5K–2K,1.5K–2K,1.5K–2K,2.5K–3K,2K–2.5K,2K–2.5K,2K–2.5K,0,3K–3.5K,1K–1.5K,1K–1.5K,1.5K–2K,0,1K–1.5K,0,1K–1.5K,0,0,0,0,0,0,0,0,0,0,0,0,0.0,0.0,0.0,0.0,0.0,0.0,0.0,0.0,0.0,0.0
24,10M-15M,5M-6M,4M-4.5M,4.5M-5M,3M–3.5M,2.5M–3M,2M–2.5M,1.5M–2M,1M–1.5M,1M-1.5M,1M-1.5M,1M–1.5M,1M-1.5M,800K-900K,900K-1M,1M-1.5M,700K-800K,1M–1.5M,500K–600K,600K-700K,500K-600K,800K-900K,800K–900K,800K–900K,900K–1M,450K–500K,600K–700K,600K–700K,600K–700K,500K–600K,400K-450K,600K–700K,450K–500K,450K-500K,250K–300K,450K–500K,250K–300K,400K–450K,200K–250K,200K–250K,300K–350K,300K–350K,150K-200K,300K–350K,350K–400K,100K–150K,250K–300K,100K–150K,250K–300K,100K–150K,150K-200K,200K–250K,100K-150K,200K–250K,100K-150K,200K-250K,200K-250K,100K–150K,150K–200K,200K–250K,100K–150K,200K–250K,100K-150K,90K–100K,100K–150K,100K-150K,80K-90K,80K–90K,100K–150K,100K–150K,100K–150K,100K–150K,70K–80K,100K–150K,100K–150K,100K–150K,90K-100K,150K-200K,80K–90K,100K–150K,100K–150K,60K-70K,100K–150K,100K–150K,60K-70K,100K–150K,80K–90K,70K–80K,70K–80K,70K–80K,90K–100K,90K–100K,50K–60K,70K–80K,80K–90K,50K–60K,70K–80K,70K–80K,60K–70K,50K-60K,80K–90K,70K–80K,60K–70K,70K–80K,60K–70K,45K–50K,40K–45K,60K–70K,50K–60K,40K–45K,35K–40K,45K–50K,30K–35K,35K–40K,40K–45K,25K–30K,40K–45K,35K–40K,25K–30K,25K–30K,20K–25K,20K–25K,35K–40K,20K–25K,25K–30K,25K–30K,10K–15K,30K–35K,20K–25K,25K–30K,20K–25K,25K–30K,20K–25K,25K–30K,20K–25K,10K–15K,15K–20K,25K–30K,20K–25K,10K–15K,15K–20K,15K–20K,15K–20K,9K–10K,10K–15K,15K–20K,10K–15K,10K–15K,7K–8K,9K–10K,10K–15K,6K–7K,9K–10K,7K–8K,7K–8K,4.5K–5K,7K–8K,4K–4.5K,7K–8K,4K–4.5K,7K–8K,4.5K–5K,4.5K–5K,4.5K–5K,5K–6K,3.5K–4K,3K–3.5K,4K–4.5K,3K–3.5K,3K–3.5K,1K–1.5K,2.5K–3K,2.5K–3K,2.5K–3K,1K–1.5K,2K–2.5K,1.5K–2K,2K–2.5K,2K–2.5K,1.5K–2K,1.5K–2K,1K–1.5K,2.5K–3K,1K–1.5K,1K–1.5K,1.5K–2K,0,1K–1.5K,1K–1.5K,0,0,0,0,0,0,0,0,0,0,0,0,0,0.0,0.0,0.0,0.0,0.0,0.0,0.0,0.0,0.0,0.0
25,15M-20M,6M-7M,5M-6M,6M-7M,3.5M–4M,3M–3.5M,3M–3.5M,3M–3.5M,2M–2.5M,1M-1.5M,2M-2.5M,2.5M–3M,1M-1.5M,1M-1.5M,1M-1.5M,1M-1.5M,800K-900K,1.5M–2M,600K–700K,800K-900K,600K-700K,1M-1.5M,900K–1M,1M–1.5M,1M–1.5M,500K–600K,1M–1.5M,800K–900K,1M–1.5M,1.5M–2M,450K-500K,700K–800K,500K–600K,500K-600K,450K–500K,450K–500K,400K–450K,450K–500K,250K–300K,300K–350K,600K–700K,500K–600K,150K-200K,350K–400K,900K–1M,150K–200K,400K–450K,150K–200K,350K–400K,150K–200K,250K-300K,250K–300K,150K-200K,300K–350K,150K-200K,300K-350K,350K-400K,150K–200K,300K–350K,250K–300K,150K–200K,300K–350K,100K-150K,100K–150K,200K–250K,250K-300K,90K-100K,100K–150K,300K–350K,100K–150K,150K–200K,100K–150K,70K–80K,150K–200K,150K–200K,150K–200K,200K-250K,200K-250K,90K–100K,200K–250K,150K–200K,70K-80K,100K–150K,100K–150K,70K-80K,150K–200K,100K–150K,90K–100K,80K–90K,100K–150K,200K–250K,150K–200K,100K–150K,150K–200K,80K–90K,60K–70K,90K–100K,100K–150K,80K–90K,60K-70K,90K–100K,100K–150K,80K–90K,100K–150K,90K–100K,50K–60K,50K–60K,100K–150K,70K–80K,100K–150K,50K–60K,70K–80K,40K–45K,70K–80K,50K–60K,25K–30K,50K–60K,50K–60K,35K–40K,40K–45K,35K–40K,25K–30K,35K–40K,25K–30K,35K–40K,45K–50K,15K–20K,40K–45K,30K–35K,30K–35K,25K–30K,30K–35K,30K–35K,30K–35K,25K–30K,15K–20K,25K–30K,25K–30K,20K–25K,15K–20K,20K–25K,15K–20K,25K–30K,10K–15K,15K–20K,20K–25K,15K–20K,20K–25K,8K–9K,10K–15K,10K–15K,6K–7K,10K–15K,10K–15K,10K–15K,6K–7K,10K–15K,5K–6K,10K–15K,5K–6K,8K–9K,6K–7K,6K–7K,6K–7K,6K–7K,4.5K–5K,4.5K–5K,4.5K–5K,4K–4.5K,3.5K–4K,1K–1.5K,4.5K–5K,3K–3.5K,4K–4.5K,1.5K–2K,2.5K–3K,2K–2.5K,3K–3.5K,3K–3.5K,2K–2.5K,2K–2.5K,1.5K–2K,3K–3.5K,1K–1.5K,1.5K–2K,1.5K–2K,0,1K–1.5K,1K–1.5K,1K–1.5K,0,0,1K–1.5K,0,1K–1.5K,1K–1.5K,0,1K–1.5K,1K–1.5K,0,0,0,0.0,0.0,0.0,0.0,0.0,0.0,0.0,0.0,0.0,0.0
26,9M-10M,5M-6M,3.5M-4M,3.5M-4M,2.5M–3M,2M–2.5M,2M–2.5M,1.5M–2M,1M–1.5M,1M-1.5M,1M-1.5M,1M–1.5M,900K-1M,800K-900K,900K-1M,900K-1M,600K-700K,900K–1M,500K–600K,700K-800K,500K-600K,700K-800K,600K–700K,700K–800K,700K–800K,450K–500K,500K–600K,500K–600K,500K–600K,600K–700K,400K-450K,500K–600K,450K–500K,400K-450K,300K–350K,350K–400K,300K–350K,300K–350K,200K–250K,200K–250K,350K–400K,250K–300K,150K-200K,200K–250K,300K–350K,150K–200K,200K–250K,100K–150K,200K–250K,100K–150K,150K-200K,150K–200K,100K-150K,200K–250K,100K-150K,150K-200K,150K-200K,100K–150K,200K–250K,150K–200K,100K–150K,150K–200K,100K-150K,100K–150K,100K–150K,100K-150K,80K-90K,80K–90K,100K–150K,90K–100K,100K–150K,90K–100K,70K–80K,100K–150K,100K–150K,100K–150K,100K-150K,100K-150K,80K–90K,100K–150K,100K–150K,60K-70K,90K–100K,80K–90K,60K-70K,100K–150K,70K–80K,70K–80K,60K–70K,70K–80K,80K–90K,70K–80K,60K–70K,80K–90K,60K–70K,45K–50K,50K–60K,60K–70K,60K–70K,50K-60K,60K–70K,60K–70K,50K–60K,60K–70K,50K–60K,40K–45K,40K–45K,50K–60K,45K–50K,35K–40K,35K–40K,35K–40K,30K–35K,40K–45K,35K–40K,20K–25K,35K–40K,35K–40K,25K–30K,25K–30K,25K–30K,20K–25K,30K–35K,20K–25K,25K–30K,20K–25K,15K–20K,20K–25K,20K–25K,20K–25K,20K–25K,20K–25K,20K–25K,20K–25K,15K–20K,10K–15K,15K–20K,15K–20K,10K–15K,10K–15K,10K–15K,10K–15K,10K–15K,9K–10K,10K–15K,10K–15K,10K–15K,10K–15K,7K–8K,9K–10K,9K–10K,6K–7K,8K–9K,7K–8K,6K–7K,4.5K–5K,7K–8K,4K–4.5K,6K–7K,4K–4.5K,6K–7K,4.5K–5K,4.5K–5K,4K–4.5K,4K–4.5K,3.5K–4K,3K–3.5K,3.5K–4K,3K–3.5K,2K–2.5K,1K–1.5K,2K–2.5K,2.5K–3K,2K–2.5K,1K–1.5K,2K–2.5K,1.5K–2K,2K–2.5K,2K–2.5K,1.5K–2K,1.5K–2K,1K–1.5K,2K–2.5K,1K–1.5K,1.5K–2K,1K–1.5K,0,1K–1.5K,0,1K–1.5K,0,0,0,0,0,0,0,0,0,0,0,0,0.0,0.0,0.0,0.0,0.0,0.0,0.0,0.0,0.0,0.0
27,9M-10M,5M-6M,3.5M-4M,4M-4.5M,2.5M–3M,2M–2.5M,2M–2.5M,1.5M–2M,1M–1.5M,1M-1.5M,1M-1.5M,1M–1.5M,1M-1.5M,900K-1M,1M-1.5M,1M-1.5M,700K-800K,800K–900K,500K–600K,700K-800K,600K-700K,800K-900K,700K–800K,700K–800K,800K–900K,500K–600K,600K–700K,500K–600K,500K–600K,600K–700K,400K-450K,500K–600K,500K–600K,450K-500K,350K–400K,400K–450K,350K–400K,350K–400K,200K–250K,200K–250K,400K–450K,250K–300K,150K-200K,200K–250K,350K–400K,150K–200K,200K–250K,150K–200K,200K–250K,100K–150K,150K-200K,200K–250K,100K-150K,200K–250K,150K-200K,150K-200K,150K-200K,150K–200K,250K–300K,150K–200K,150K–200K,150K–200K,100K-150K,100K–150K,100K–150K,100K-150K,80K-90K,90K–100K,100K–150K,100K–150K,100K–150K,100K–150K,80K–90K,100K–150K,100K–150K,100K–150K,100K-150K,100K-150K,90K–100K,100K–150K,90K–100K,70K-80K,80K–90K,90K–100K,70K-80K,90K–100K,70K–80K,70K–80K,60K–70K,80K–90K,70K–80K,70K–80K,60K–70K,80K–90K,50K–60K,50K–60K,50K–60K,70K–80K,60K–70K,60K-70K,50K–60K,60K–70K,60K–70K,50K–60K,60K–70K,50K–60K,45K–50K,50K–60K,50K–60K,35K–40K,40K–45K,35K–40K,35K–40K,40K–45K,35K–40K,25K–30K,40K–45K,40K–45K,25K–30K,25K–30K,25K–30K,25K–30K,25K–30K,20K–25K,25K–30K,20K–25K,15K–20K,20K–25K,20K–25K,20K–25K,20K–25K,25K–30K,20K–25K,15K–20K,15K–20K,10K–15K,15K–20K,15K–20K,10K–15K,15K–20K,10K–15K,10K–15K,10K–15K,10K–15K,10K–15K,10K–15K,10K–15K,10K–15K,8K–9K,9K–10K,0,6K–7K,8K–9K,7K–8K,7K–8K,5K–6K,8K–9K,4K–4.5K,6K–7K,4.5K–5K,6K–7K,5K–6K,4.5K–5K,4K–4.5K,4K–4.5K,4K–4.5K,3K–3.5K,3.5K–4K,3K–3.5K,2K–2.5K,1.5K–2K,2K–2.5K,2K–2.5K,2K–2.5K,1K–1.5K,2K–2.5K,1.5K–2K,2K–2.5K,2K–2.5K,1.5K–2K,1.5K–2K,1K–1.5K,2.5K–3K,1K–1.5K,1.5K–2K,1K–1.5K,0,1K–1.5K,0,1K–1.5K,0,0,0,0,0,0,0,0,0,0,0,0,0.0,0.0,0.0,0.0,0.0,0.0,0.0,0.0,0.0,0.0
28,9M-10M,6M-7M,3.5M-4M,4M-4.5M,2.5M–3M,2M–2.5M,2M–2.5M,1.5M–2M,1M–1.5M,1M-1.5M,1M-1.5M,1.5M–2M,900K-1M,900K-1M,1M-1.5M,1M-1.5M,700K-800K,1M–1.5M,500K–600K,800K-900K,600K-700K,800K-900K,700K–800K,800K–900K,900K–1M,500K–600K,700K–800K,500K–600K,500K–600K,900K–1M,450K-500K,500K–600K,500K–600K,450K-500K,400K–450K,400K–450K,350K–400K,350K–400K,250K–300K,300K–350K,500K–600K,350K–400K,150K-200K,250K–300K,400K–450K,150K–200K,250K–300K,150K–200K,200K–250K,100K–150K,200K-250K,200K–250K,150K-200K,200K–250K,200K-250K,150K-200K,200K-250K,150K–200K,350K–400K,200K–250K,150K–200K,150K–200K,100K-150K,100K–150K,150K–200K,100K-150K,80K-90K,90K–100K,150K–200K,100K–150K,100K–150K,100K–150K,80K–90K,100K–150K,100K–150K,100K–150K,150K-200K,150K-200K,90K–100K,150K–200K,100K–150K,70K-80K,90K–100K,90K–100K,70K-80K,100K–150K,80K–90K,80K–90K,70K–80K,80K–90K,80K–90K,100K–150K,70K–80K,100K–150K,60K–70K,50K–60K,60K–70K,70K–80K,70K–80K,60K-70K,50K–60K,70K–80K,60K–70K,90K–100K,60K–70K,50K–60K,50K–60K,50K–60K,50K–60K,45K–50K,40K–45K,40K–45K,35K–40K,50K–60K,35K–40K,25K–30K,45K–50K,35K–40K,30K–35K,30K–35K,30K–35K,25K–30K,30K–35K,25K–30K,25K–30K,25K–30K,20K–25K,20K–25K,25K–30K,25K–30K,20K–25K,25K–30K,20K–25K,20K–25K,15K–20K,10K–15K,15K–20K,20K–25K,15K–20K,15K–20K,15K–20K,10K–15K,15K–20K,10K–15K,10K–15K,15K–20K,10K–15K,15K–20K,9K–10K,10K–15K,9K–10K,6K–7K,8K–9K,7K–8K,7K–8K,5K–6K,8K–9K,4.5K–5K,6K–7K,4.5K–5K,6K–7K,5K–6K,5K–6K,4.5K–5K,6K–7K,4K–4.5K,3.5K–4K,4K–4.5K,3K–3.5K,2.5K–3K,1.5K–2K,2.5K–3K,2K–2.5K,2K–2.5K,1.5K–2K,2K–2.5K,1.5K–2K,2K–2.5K,2K–2.5K,1.5K–2K,1.5K–2K,1.5K–2K,3K–3.5K,1K–1.5K,2K–2.5K,1K–1.5K,1K–1.5K,1K–1.5K,1K–1.5K,1K–1.5K,0,0,0,0,0,0,0,0,0,0,0,0,0.0,0.0,0.0,0.0,0.0,0.0,0.0,0.0,0.0,0.0
29,7M-8M,5M-6M,3M-3.5M,3M-3.5M,2M–2.5M,1.5M–2M,1.5M–2M,1M–1.5M,1M–1.5M,1M-1.5M,1M-1.5M,900K–1M,800K-900K,800K-900K,900K-1M,800K-900K,600K-700K,700K–800K,500K–600K,700K-800K,500K-600K,700K-800K,600K–700K,500K–600K,600K–700K,500K–600K,500K–600K,450K–500K,400K–450K,600K–700K,400K-450K,450K–500K,450K–500K,350K-400K,350K–400K,300K–350K,350K–400K,250K–300K,200K–250K,250K–300K,400K–450K,200K–250K,150K-200K,200K–250K,250K–300K,100K–150K,150K–200K,100K–150K,150K–200K,100K–150K,150K-200K,150K–200K,100K-150K,150K–200K,150K-200K,150K-200K,150K-200K,100K–150K,200K–250K,150K–200K,150K–200K,100K–150K,100K-150K,100K–150K,100K–150K,100K-150K,70K-80K,80K–90K,80K–90K,90K–100K,90K–100K,80K–90K,70K–80K,100K–150K,100K–150K,90K–100K,100K-150K,100K-150K,70K–80K,100K–150K,90K–100K,60K-70K,80K–90K,70K–80K,60K-70K,80K–90K,60K–70K,60K–70K,50K–60K,60K–70K,60K–70K,70K–80K,70K–80K,80K–90K,50K–60K,40K–45K,40K–45K,60K–70K,60K–70K,45K-50K,40K–45K,60K–70K,50K–60K,45K–50K,45K–50K,40K–45K,40K–45K,40K–45K,35K–40K,25K–30K,35K–40K,30K–35K,25K–30K,40K–45K,30K–35K,25K–30K,30K–35K,35K–40K,20K–25K,25K–30K,30K–35K,25K–30K,25K–30K,20K–25K,20K–25K,15K–20K,15K–20K,15K–20K,15K–20K,20K–25K,15K–20K,20K–25K,20K–25K,15K–20K,10K–15K,10K–15K,10K–15K,15K–20K,10K–15K,15K–20K,10K–15K,10K–15K,10K–15K,10K–15K,9K–10K,10K–15K,10K–15K,10K–15K,8K–9K,8K–9K,7K–8K,5K–6K,8K–9K,6K–7K,6K–7K,4.5K–5K,7K–8K,4K–4.5K,5K–6K,3.5K–4K,4.5K–5K,4.5K–5K,4K–4.5K,3.5K–4K,4K–4.5K,3K–3.5K,3K–3.5K,3K–3.5K,2.5K–3K,2K–2.5K,1K–1.5K,2K–2.5K,1.5K–2K,1.5K–2K,1K–1.5K,2K–2.5K,1.5K–2K,1.5K–2K,1.5K–2K,1K–1.5K,1K–1.5K,1K–1.5K,1.5K–2K,0,1.5K–2K,1K–1.5K,0,0,1K–1.5K,0,0,0,0,0,0,0,0,0,0,0,0,0,0.0,0.0,0.0,0.0,0.0,0.0,0.0,0.0,0.0,0.0
30,7M-8M,5M-6M,3M-3.5M,3M-3.5M,2M–2.5M,1.5M–2M,1.5M–2M,1M–1.5M,1M–1.5M,1M-1.5M,1M-1.5M,900K–1M,800K-900K,800K-900K,900K-1M,800K-900K,600K-700K,800K–900K,500K–600K,700K-800K,500K-600K,700K-800K,600K–700K,600K–700K,600K–700K,450K–500K,450K–500K,500K–600K,400K–450K,700K–800K,400K-450K,450K–500K,450K–500K,350K-400K,400K–450K,300K–350K,350K–400K,300K–350K,200K–250K,250K–300K,400K–450K,250K–300K,150K-200K,200K–250K,200K–250K,100K–150K,200K–250K,100K–150K,150K–200K,100K–150K,150K-200K,150K–200K,100K-150K,150K–200K,150K-200K,150K-200K,150K-200K,100K–150K,250K–300K,150K–200K,150K–200K,100K–150K,100K-150K,100K–150K,100K–150K,100K-150K,70K-80K,80K–90K,80K–90K,90K–100K,90K–100K,80K–90K,70K–80K,100K–150K,100K–150K,90K–100K,100K-150K,100K-150K,70K–80K,100K–150K,90K–100K,60K-70K,70K–80K,70K–80K,60K-70K,70K–80K,60K–70K,60K–70K,60K–70K,60K–70K,60K–70K,70K–80K,80K–90K,90K–100K,50K–60K,40K–45K,40K–45K,70K–80K,60K–70K,45K-50K,45K–50K,60K–70K,50K–60K,50K–60K,50K–60K,40K–45K,40K–45K,40K–45K,35K–40K,30K–35K,35K–40K,30K–35K,25K–30K,45K–50K,30K–35K,25K–30K,30K–35K,35K–40K,20K–25K,30K–35K,30K–35K,25K–30K,25K–30K,20K–25K,20K–25K,15K–20K,15K–20K,15K–20K,20K–25K,20K–25K,15K–20K,20K–25K,20K–25K,15K–20K,15K–20K,10K–15K,10K–15K,10K–15K,10K–15K,15K–20K,10K–15K,10K–15K,10K–15K,10K–15K,10K–15K,10K–15K,10K–15K,10K–15K,8K–9K,8K–9K,9K–10K,5K–6K,8K–9K,5K–6K,5K–6K,4.5K–5K,7K–8K,4K–4.5K,5K–6K,3.5K–4K,5K–6K,4.5K–5K,4K–4.5K,4K–4.5K,4.5K–5K,3K–3.5K,3K–3.5K,3.5K–4K,2.5K–3K,2K–2.5K,1K–1.5K,2K–2.5K,2K–2.5K,2K–2.5K,1K–1.5K,2K–2.5K,1.5K–2K,1.5K–2K,1.5K–2K,1.5K–2K,1K–1.5K,1K–1.5K,1.5K–2K,0,1.5K–2K,1K–1.5K,0,0,0,0,0,0,0,0,0,0,0,0,0,0,0,0,0.0,0.0,0.0,0.0,0.0,0.0,0.0,0.0,0.0,0.0
31,10M-15M,4.5M-5M,3.5M-4M,8M-9M,2.5M–3M,2M–2.5M,2M–2.5M,1.5M–2M,1M–1.5M,900K-1M,1M-1.5M,1M–1.5M,1M-1.5M,800K-900K,900K-1M,1M-1.5M,600K-700K,1.5M–2M,500K–600K,700K-800K,500K-600K,800K-900K,700K–800K,1M–1.5M,1M–1.5M,450K–500K,500K–600K,1M–1.5M,1M–1.5M,700K–800K,350K-400K,400K–450K,450K–500K,350K-400K,400K–450K,350K–400K,350K–400K,350K–400K,200K–250K,250K–300K,400K–450K,1M–1.5M,150K-200K,400K–450K,200K–250K,100K–150K,450K–500K,100K–150K,250K–300K,100K–150K,150K-200K,150K–200K,100K-150K,200K–250K,150K-200K,200K-250K,150K-200K,100K–150K,600K–700K,300K–350K,100K–150K,200K–250K,100K-150K,100K–150K,200K–250K,100K-150K,70K-80K,100K–150K,350K–400K,100K–150K,100K–150K,90K–100K,70K–80K,100K–150K,250K–300K,100K–150K,100K-150K,100K-150K,70K–80K,150K–200K,250K–300K,60K-70K,80K–90K,150K–200K,60K-70K,100K–150K,100K–150K,70K–80K,60K–70K,70K–80K,70K–80K,150K–200K,80K–90K,100K–150K,100K–150K,40K–45K,100K–150K,150K–200K,70K–80K,45K-50K,70K–80K,60K–70K,50K–60K,80K–90K,150K–200K,45K–50K,40K–45K,45K–50K,40K–45K,100K–150K,35K–40K,50K–60K,30K–35K,45K–50K,30K–35K,25K–30K,60K–70K,40K–45K,25K–30K,30K–35K,30K–35K,25K–30K,35K–40K,20K–25K,20K–25K,80K–90K,15K–20K,50K–60K,40K–45K,25K–30K,35K–40K,45K–50K,20K–25K,35K–40K,15K–20K,10K–15K,30K–35K,15K–20K,15K–20K,15K–20K,25K–30K,10K–15K,15K–20K,9K–10K,10K–15K,30K–35K,10K–15K,15K–20K,8K–9K,9K–10K,25K–30K,5K–6K,9K–10K,6K–7K,7K–8K,4.5K–5K,8K–9K,4K–4.5K,10K–15K,3.5K–4K,8K–9K,4.5K–5K,4K–4.5K,15K–20K,6K–7K,2.5K–3K,3K–3.5K,4.5K–5K,2.5K–3K,5K–6K,1K–1.5K,2.5K–3K,6K–7K,6K–7K,1K–1.5K,3K–3.5K,1.5K–2K,1.5K–2K,2K–2.5K,3K–3.5K,3.5K–4K,1K–1.5K,1K–1.5K,0,3.5K–4K,1K–1.5K,0,0,0,0,0,0,0,0,0,0,0,1K–1.5K,1K–1.5K,0,0,0,0.0,0.0,0.0,0.0,0.0,0.0,0.0,0.0,0.0,0.0
32,6M-7M,4.5M-5M,3M-3.5M,2.5M-3M,2M–2.5M,1M–1.5M,1M–1.5M,1M–1.5M,1M–1.5M,900K-1M,900K-1M,700K–800K,700K-800K,800K-900K,800K-900K,700K-800K,600K-700K,500K–600K,500K–600K,700K-800K,500K-600K,600K-700K,500K–600K,500K–600K,450K–500K,400K–450K,350K–400K,400K–450K,300K–350K,500K–600K,350K-400K,350K–400K,400K–450K,300K-350K,400K–450K,250K–300K,350K–400K,250K–300K,200K–250K,200K–250K,350K–400K,150K–200K,150K-200K,150K–200K,100K–150K,100K–150K,150K–200K,100K–150K,100K–150K,100K–150K,100K-150K,100K–150K,100K-150K,150K–200K,150K-200K,100K-150K,100K-150K,100K–150K,150K–200K,100K–150K,100K–150K,100K–150K,90K-100K,90K–100K,100K–150K,80K-90K,60K-70K,80K–90K,45K–50K,80K–90K,70K–80K,80K–90K,70K–80K,80K–90K,80K–90K,70K–80K,100K-150K,80K-90K,60K–70K,100K–150K,70K–80K,60K-70K,60K–70K,60K–70K,70K-80K,50K–60K,50K–60K,60K–70K,50K–60K,60K–70K,50K–60K,50K–60K,70K–80K,70K–80K,40K–45K,35K–40K,30K–35K,50K–60K,50K–60K,45K-50K,30K–35K,50K–60K,50K–60K,40K–45K,35K–40K,35K–40K,40K–45K,30K–35K,30K–35K,15K–20K,30K–35K,25K–30K,25K–30K,35K–40K,25K–30K,20K–25K,25K–30K,35K–40K,20K–25K,25K–30K,30K–35K,25K–30K,20K–25K,20K–25K,15K–20K,10K–15K,15K–20K,10K–15K,15K–20K,15K–20K,10K–15K,15K–20K,15K–20K,10K–15K,10K–15K,10K–15K,10K–15K,10K–15K,10K–15K,15K–20K,9K–10K,8K–9K,9K–10K,9K–10K,9K–10K,9K–10K,10K–15K,10K–15K,8K–9K,8K–9K,5K–6K,5K–6K,7K–8K,5K–6K,5K–6K,4K–4.5K,6K–7K,3.5K–4K,4K–4.5K,3.5K–4K,3.5K–4K,4K–4.5K,3.5K–4K,2.5K–3K,3.5K–4K,2.5K–3K,2.5K–3K,3K–3.5K,2.5K–3K,1.5K–2K,1K–1.5K,1.5K–2K,1.5K–2K,1.5K–2K,1K–1.5K,1.5K–2K,1K–1.5K,1.5K–2K,1.5K–2K,1K–1.5K,1K–1.5K,1K–1.5K,1K–1.5K,0,1.5K–2K,0,0,0,0,0,0,0,0,0,0,0,0,0,0,0,0,0,0.0,0.0,0.0,0.0,0.0,0.0,0.0,0.0,0.0,0.0
33,5M-6M,4.5M-5M,2.5M-3M,2M-2.5M,1.5M–2M,1M–1.5M,1M–1.5M,1M–1.5M,1M–1.5M,900K-1M,900K-1M,700K–800K,600K-700K,800K-900K,800K-900K,700K-800K,600K-700K,500K–600K,500K–600K,700K-800K,500K-600K,600K-700K,500K–600K,450K–500K,450K–500K,450K–500K,350K–400K,400K–450K,300K–350K,500K–600K,350K-400K,350K–400K,400K–450K,300K-350K,400K–450K,250K–300K,350K–400K,250K–300K,150K–200K,200K–250K,350K–400K,150K–200K,150K-200K,100K–150K,100K–150K,100K–150K,150K–200K,100K–150K,100K–150K,100K–150K,100K-150K,100K–150K,100K-150K,150K–200K,150K-200K,100K-150K,100K-150K,100K–150K,150K–200K,100K–150K,100K–150K,90K–100K,90K-100K,100K–150K,100K–150K,90K-100K,60K-70K,80K–90K,50K–60K,80K–90K,70K–80K,80K–90K,70K–80K,80K–90K,80K–90K,70K–80K,100K-150K,70K-80K,60K–70K,100K–150K,60K–70K,60K-70K,50K–60K,60K–70K,70K-80K,45K–50K,45K–50K,60K–70K,50K–60K,60K–70K,45K–50K,50K–60K,70K–80K,70K–80K,35K–40K,35K–40K,25K–30K,45K–50K,45K–50K,45K-50K,30K–35K,50K–60K,45K–50K,40K–45K,35K–40K,40K–45K,35K–40K,30K–35K,30K–35K,15K–20K,30K–35K,25K–30K,25K–30K,40K–45K,25K–30K,25K–30K,25K–30K,35K–40K,20K–25K,25K–30K,30K–35K,20K–25K,20K–25K,20K–25K,15K–20K,10K–15K,15K–20K,10K–15K,15K–20K,10K–15K,10K–15K,15K–20K,15K–20K,10K–15K,10K–15K,10K–15K,10K–15K,10K–15K,9K–10K,10K–15K,9K–10K,8K–9K,9K–10K,9K–10K,9K–10K,9K–10K,10K–15K,10K–15K,8K–9K,8K–9K,5K–6K,4.5K–5K,6K–7K,5K–6K,4.5K–5K,4K–4.5K,6K–7K,3.5K–4K,4K–4.5K,3.5K–4K,3K–3.5K,4K–4.5K,3.5K–4K,2.5K–3K,3.5K–4K,2.5K–3K,2.5K–3K,3K–3.5K,2.5K–3K,1K–1.5K,1K–1.5K,1.5K–2K,1K–1.5K,1K–1.5K,1K–1.5K,2K–2.5K,1.5K–2K,1.5K–2K,1.5K–2K,1K–1.5K,1K–1.5K,1K–1.5K,1K–1.5K,1K–1.5K,1.5K–2K,0,0,0,0,0,0,0,0,0,0,0,0,0,0,0,0,0,0.0,0.0,0.0,0.0,0.0,0.0,0.0,0.0,0.0,0.0
34,4.5M-5M,4M-4.5M,2.5M-3M,2M-2.5M,1.5M–2M,1M–1.5M,1M–1.5M,900K–1M,1M–1.5M,800K-900K,700K-800K,500K–600K,600K-700K,700K-800K,700K-800K,600K-700K,600K-700K,350K–400K,500K–600K,600K-700K,450K-500K,500K-600K,400K–450K,350K–400K,400K–450K,450K–500K,250K–300K,350K–400K,250K–300K,400K–450K,350K-400K,300K–350K,400K–450K,250K-300K,400K–450K,250K–300K,350K–400K,200K–250K,150K–200K,150K–200K,250K–300K,90K–100K,100K-150K,100K–150K,90K–100K,100K–150K,100K–150K,100K–150K,100K–150K,100K–150K,100K-150K,100K–150K,100K-150K,100K–150K,100K-150K,100K-150K,100K-150K,100K–150K,100K–150K,90K–100K,100K–150K,70K–80K,90K-100K,90K–100K,80K–90K,70K-80K,60K-70K,80K–90K,25K–30K,70K–80K,60K–70K,80K–90K,60K–70K,70K–80K,60K–70K,60K–70K,90K-100K,60K-70K,60K–70K,80K–90K,50K–60K,60K-70K,40K–45K,50K–60K,70K-80K,35K–40K,35K–40K,60K–70K,45K–50K,50K–60K,35K–40K,40K–45K,70K–80K,50K–60K,30K–35K,35K–40K,20K–25K,35K–40K,40K–45K,45K-50K,25K–30K,45K–50K,40K–45K,30K–35K,25K–30K,35K–40K,35K–40K,25K–30K,25K–30K,10K–15K,30K–35K,20K–25K,25K–30K,30K–35K,25K–30K,20K–25K,20K–25K,30K–35K,20K–25K,25K–30K,30K–35K,20K–25K,20K–25K,20K–25K,15K–20K,10K–15K,15K–20K,10K–15K,15K–20K,10K–15K,10K–15K,10K–15K,15K–20K,10K–15K,10K–15K,10K–15K,9K–10K,8K–9K,8K–9K,10K–15K,7K–8K,6K–7K,7K–8K,8K–9K,9K–10K,7K–8K,9K–10K,9K–10K,8K–9K,7K–8K,4K–4.5K,4.5K–5K,6K–7K,5K–6K,4K–4.5K,3.5K–4K,5K–6K,3.5K–4K,3K–3.5K,3.5K–4K,2.5K–3K,4K–4.5K,3.5K–4K,2K–2.5K,2.5K–3K,2K–2.5K,2.5K–3K,2.5K–3K,2K–2.5K,1K–1.5K,1.5K–2K,1K–1.5K,1K–1.5K,1K–1.5K,1K–1.5K,1.5K–2K,1K–1.5K,1K–1.5K,1.5K–2K,1K–1.5K,1K–1.5K,1K–1.5K,0,0,1K–1.5K,0,0,0,0,0,1K–1.5K,0,0,0,0,0,0,0,0,0,0,0,0.0,0.0,0.0,0.0,0.0,0.0,0.0,0.0,0.0,0.0
35,4M-4.5M,4M-4.5M,2.5M-3M,1.5M-2M,1.5M–2M,1M–1.5M,1M–1.5M,1M–1.5M,1M–1.5M,800K-900K,700K-800K,450K–500K,600K-700K,700K-800K,700K-800K,600K-700K,600K-700K,300K–350K,500K–600K,600K-700K,450K-500K,500K-600K,400K–450K,350K–400K,350K–400K,450K–500K,250K–300K,300K–350K,200K–250K,350K–400K,350K-400K,300K–350K,400K–450K,250K-300K,350K–400K,200K–250K,300K–350K,200K–250K,150K–200K,150K–200K,250K–300K,100K–150K,100K-150K,100K–150K,90K–100K,100K–150K,100K–150K,100K–150K,100K–150K,100K–150K,100K-150K,100K–150K,100K-150K,100K–150K,100K-150K,100K-150K,100K-150K,100K–150K,100K–150K,90K–100K,100K–150K,60K–70K,90K-100K,90K–100K,80K–90K,70K-80K,60K-70K,70K–80K,25K–30K,70K–80K,50K–60K,80K–90K,60K–70K,70K–80K,60K–70K,60K–70K,80K-90K,60K-70K,60K–70K,70K–80K,50K–60K,60K-70K,40K–45K,50K–60K,70K-80K,35K–40K,35K–40K,60K–70K,45K–50K,50K–60K,35K–40K,35K–40K,60K–70K,45K–50K,30K–35K,35K–40K,20K–25K,35K–40K,35K–40K,40K-45K,25K–30K,40K–45K,40K–45K,20K–25K,20K–25K,35K–40K,35K–40K,25K–30K,20K–25K,9K–10K,25K–30K,20K–25K,20K–25K,25K–30K,20K–25K,20K–25K,20K–25K,30K–35K,20K–25K,20K–25K,30K–35K,20K–25K,20K–25K,20K–25K,15K–20K,10K–15K,15K–20K,9K–10K,10K–15K,10K–15K,10K–15K,10K–15K,15K–20K,9K–10K,10K–15K,10K–15K,8K–9K,7K–8K,7K–8K,10K–15K,6K–7K,7K–8K,6K–7K,8K–9K,8K–9K,6K–7K,8K–9K,8K–9K,8K–9K,7K–8K,4K–4.5K,5K–6K,5K–6K,5K–6K,4K–4.5K,4K–4.5K,5K–6K,3.5K–4K,3K–3.5K,3.5K–4K,2.5K–3K,3.5K–4K,3K–3.5K,2K–2.5K,2K–2.5K,2K–2.5K,2.5K–3K,2K–2.5K,2K–2.5K,1K–1.5K,1K–1.5K,1K–1.5K,1K–1.5K,1K–1.5K,1K–1.5K,1.5K–2K,1K–1.5K,1K–1.5K,1.5K–2K,1K–1.5K,1K–1.5K,1K–1.5K,0,0,1K–1.5K,0,1K–1.5K,0,0,0,1K–1.5K,0,0,0,0,0,0,0,0,0,0,0,0.0,0.0,0.0,0.0,0.0,0.0,0.0,0.0,0.0,0.0
36,3.5M-4M,4M-4.5M,2.5M-3M,1.5M-2M,1.5M–2M,1M–1.5M,1M–1.5M,1M–1.5M,1M–1.5M,800K-900K,600K-700K,450K–500K,600K-700K,700K-800K,700K-800K,500K-600K,600K-700K,300K–350K,500K–600K,600K-700K,450K-500K,450K-500K,400K–450K,300K–350K,300K–350K,450K–500K,250K–300K,300K–350K,200K–250K,350K–400K,300K-350K,300K–350K,350K–400K,250K-300K,350K–400K,200K–250K,300K–350K,200K–250K,150K–200K,200K–250K,250K–300K,100K–150K,100K-150K,90K–100K,80K–90K,100K–150K,100K–150K,100K–150K,90K–100K,100K–150K,100K-150K,100K–150K,100K-150K,100K–150K,100K-150K,100K-150K,90K-100K,100K–150K,90K–100K,70K–80K,100K–150K,50K–60K,90K-100K,90K–100K,70K–80K,60K-70K,60K-70K,80K–90K,30K–35K,70K–80K,50K–60K,70K–80K,60K–70K,70K–80K,50K–60K,50K–60K,80K-90K,50K-60K,50K–60K,70K–80K,45K–50K,60K-70K,35K–40K,50K–60K,70K-80K,25K–30K,30K–35K,50K–60K,45K–50K,50K–60K,30K–35K,35K–40K,60K–70K,40K–45K,25K–30K,35K–40K,15K–20K,30K–35K,35K–40K,45K-50K,20K–25K,40K–45K,40K–45K,20K–25K,20K–25K,35K–40K,30K–35K,20K–25K,20K–25K,10K–15K,25K–30K,15K–20K,20K–25K,25K–30K,20K–25K,25K–30K,15K–20K,25K–30K,20K–25K,20K–25K,25K–30K,20K–25K,15K–20K,15K–20K,15K–20K,8K–9K,15K–20K,8K–9K,10K–15K,10K–15K,10K–15K,10K–15K,15K–20K,8K–9K,10K–15K,10K–15K,8K–9K,6K–7K,7K–8K,10K–15K,6K–7K,6K–7K,5K–6K,8K–9K,8K–9K,6K–7K,8K–9K,7K–8K,8K–9K,6K–7K,3.5K–4K,5K–6K,5K–6K,4.5K–5K,4K–4.5K,4K–4.5K,4.5K–5K,3.5K–4K,2.5K–3K,3.5K–4K,2K–2.5K,3.5K–4K,3K–3.5K,1.5K–2K,2K–2.5K,2K–2.5K,2K–2.5K,2K–2.5K,2K–2.5K,1K–1.5K,1K–1.5K,1K–1.5K,1K–1.5K,0,1K–1.5K,1.5K–2K,1K–1.5K,1K–1.5K,1K–1.5K,0,0,1K–1.5K,0,1K–1.5K,1K–1.5K,0,1K–1.5K,0,0,0,1K–1.5K,0,0,0,0,0,0,0,0,0,0,0,0.0,0.0,0.0,0.0,0.0,0.0,0.0,0.0,0.0,0.0
37,3.5M-4M,4.5M-5M,2.5M-3M,1.5M-2M,1.5M–2M,1M–1.5M,1M–1.5M,900K–1M,1M–1.5M,800K-900K,700K-800K,400K–450K,700K-800K,700K-800K,700K-800K,600K-700K,600K-700K,300K–350K,600K–700K,600K-700K,500K-600K,500K-600K,400K–450K,300K–350K,350K–400K,500K–600K,250K–300K,300K–350K,200K–250K,350K–400K,300K-350K,300K–350K,350K–400K,250K-300K,350K–400K,250K–300K,300K–350K,200K–250K,150K–200K,200K–250K,250K–300K,90K–100K,150K-200K,100K–150K,80K–90K,100K–150K,100K–150K,100K–150K,100K–150K,100K–150K,100K-150K,100K–150K,100K-150K,100K–150K,150K-200K,100K-150K,100K-150K,100K–150K,90K–100K,70K–80K,100K–150K,60K–70K,80K-90K,100K–150K,80K–90K,70K-80K,60K-70K,80K–90K,20K–25K,70K–80K,60K–70K,80K–90K,60K–70K,60K–70K,50K–60K,60K–70K,90K-100K,45K-50K,60K–70K,70K–80K,45K–50K,60K-70K,35K–40K,50K–60K,70K-80K,25K–30K,35K–40K,60K–70K,45K–50K,50K–60K,30K–35K,30K–35K,60K–70K,40K–45K,25K–30K,40K–45K,20K–25K,30K–35K,35K–40K,45K-50K,25K–30K,40K–45K,40K–45K,20K–25K,20K–25K,35K–40K,30K–35K,20K–25K,20K–25K,8K–9K,25K–30K,15K–20K,25K–30K,25K–30K,20K–25K,25K–30K,20K–25K,25K–30K,20K–25K,20K–25K,25K–30K,20K–25K,15K–20K,20K–25K,15K–20K,9K–10K,15K–20K,8K–9K,10K–15K,10K–15K,10K–15K,10K–15K,10K–15K,7K–8K,10K–15K,10K–15K,8K–9K,6K–7K,7K–8K,10K–15K,5K–6K,7K–8K,5K–6K,8K–9K,8K–9K,6K–7K,9K–10K,7K–8K,8K–9K,6K–7K,4K–4.5K,4.5K–5K,5K–6K,4.5K–5K,4K–4.5K,4K–4.5K,4K–4.5K,3.5K–4K,2.5K–3K,3.5K–4K,2.5K–3K,3.5K–4K,3K–3.5K,1.5K–2K,1.5K–2K,2K–2.5K,2.5K–3K,2K–2.5K,2K–2.5K,1K–1.5K,1.5K–2K,1K–1.5K,1K–1.5K,1K–1.5K,1K–1.5K,1.5K–2K,1K–1.5K,1K–1.5K,1K–1.5K,0,0,1K–1.5K,0,1K–1.5K,0,0,1K–1.5K,0,0,0,0,0,0,0,0,0,0,0,0,0,0,0,0.0,0.0,0.0,0.0,0.0,0.0,0.0,0.0,0.0,0.0
38,3.5M-4M,4.5M-5M,2.5M-3M,1.5M-2M,1.5M–2M,1M–1.5M,1M–1.5M,900K–1M,1M–1.5M,900K-1M,700K-800K,500K–600K,700K-800K,700K-800K,700K-800K,600K-700K,600K-700K,350K–400K,600K–700K,600K-700K,500K-600K,500K-600K,400K–450K,350K–400K,350K–400K,500K–600K,300K–350K,300K–350K,250K–300K,450K–500K,300K-350K,300K–350K,350K–400K,250K-300K,350K–400K,250K–300K,250K–300K,200K–250K,150K–200K,200K–250K,250K–300K,100K–150K,150K-200K,100K–150K,100K–150K,100K–150K,150K–200K,150K–200K,100K–150K,100K–150K,100K-150K,100K–150K,150K-200K,100K–150K,150K-200K,100K-150K,100K-150K,100K–150K,100K–150K,80K–90K,100K–150K,70K–80K,80K-90K,90K–100K,90K–100K,80K-90K,60K-70K,80K–90K,40K–45K,70K–80K,60K–70K,80K–90K,60K–70K,60K–70K,60K–70K,50K–60K,100K-150K,45K-50K,60K–70K,80K–90K,50K–60K,60K-70K,35K–40K,45K–50K,70K-80K,30K–35K,40K–45K,60K–70K,50K–60K,50K–60K,30K–35K,50K–60K,50K–60K,50K–60K,25K–30K,45K–50K,20K–25K,30K–35K,35K–40K,45K-50K,25K–30K,40K–45K,40K–45K,30K–35K,25K–30K,35K–40K,30K–35K,25K–30K,20K–25K,10K–15K,25K–30K,20K–25K,25K–30K,30K–35K,20K–25K,25K–30K,20K–25K,25K–30K,20K–25K,20K–25K,25K–30K,20K–25K,15K–20K,20K–25K,15K–20K,10K–15K,15K–20K,9K–10K,10K–15K,10K–15K,10K–15K,10K–15K,10K–15K,9K–10K,10K–15K,10K–15K,10K–15K,6K–7K,8K–9K,10K–15K,7K–8K,7K–8K,6K–7K,8K–9K,8K–9K,7K–8K,10K–15K,8K–9K,8K–9K,6K–7K,4.5K–5K,5K–6K,4.5K–5K,5K–6K,3.5K–4K,4K–4.5K,4K–4.5K,4K–4.5K,2.5K–3K,3.5K–4K,2.5K–3K,3.5K–4K,3K–3.5K,2K–2.5K,2K–2.5K,2K–2.5K,2.5K–3K,2K–2.5K,2K–2.5K,1K–1.5K,1.5K–2K,1.5K–2K,1K–1.5K,1K–1.5K,1K–1.5K,1.5K–2K,1.5K–2K,1.5K–2K,1K–1.5K,1K–1.5K,0,1.5K–2K,0,1K–1.5K,1K–1.5K,0,1K–1.5K,0,0,0,1K–1.5K,0,0,0,0,0,0,0,0,0,0,0,0.0,0.0,0.0,0.0,0.0,0.0,0.0,0.0,0.0,0.0
39,2.5M-3M,3.5M-4M,2M-2.5M,1M-1.5M,1M–1.5M,800K–900K,800K–900K,700K–800K,900K–1M,700K-800K,500K-600K,250K–300K,600K-700K,600K-700K,600K-700K,500K-600K,600K-700K,200K–250K,600K–700K,600K-700K,400K-450K,350K-400K,300K–350K,200K–250K,200K–250K,450K–500K,200K–250K,200K–250K,150K–200K,200K–250K,250K-300K,250K–300K,300K–350K,200K-250K,300K–350K,200K–250K,250K–300K,150K–200K,150K–200K,200K–250K,150K–200K,50K–60K,100K-150K,80K–90K,50K–60K,100K–150K,100K–150K,100K–150K,70K–80K,100K–150K,100K-150K,80K–90K,100K-150K,100K–150K,100K-150K,90K-100K,80K-90K,100K–150K,50K–60K,50K–60K,90K–100K,50K–60K,70K-80K,80K–90K,60K–70K,50K-60K,60K-70K,70K–80K,10K–15K,60K–70K,50K–60K,70K–80K,60K–70K,50K–60K,40K–45K,45K–50K,60K-70K,30K-35K,50K–60K,50K–60K,35K–40K,50K-60K,25K–30K,35K–40K,60K-70K,20K–25K,25K–30K,50K–60K,45K–50K,45K–50K,20K–25K,25K–30K,50K–60K,30K–35K,20K–25K,35K–40K,15K–20K,20K–25K,30K–35K,40K-45K,20K–25K,30K–35K,35K–40K,10K–15K,15K–20K,30K–35K,25K–30K,15K–20K,15K–20K,4.5K–5K,20K–25K,10K–15K,20K–25K,20K–25K,15K–20K,20K–25K,10K–15K,20K–25K,15K–20K,15K–20K,20K–25K,15K–20K,10K–15K,15K–20K,10K–15K,6K–7K,10K–15K,7K–8K,10K–15K,9K–10K,8K–9K,8K–9K,10K–15K,6K–7K,9K–10K,9K–10K,6K–7K,4.5K–5K,5K–6K,7K–8K,4.5K–5K,6K–7K,4K–4.5K,7K–8K,7K–8K,4.5K–5K,7K–8K,5K–6K,7K–8K,5K–6K,3K–3.5K,4.5K–5K,3.5K–4K,4K–4.5K,3K–3.5K,3.5K–4K,3.5K–4K,3K–3.5K,1.5K–2K,3K–3.5K,1.5K–2K,2.5K–3K,2.5K–3K,1K–1.5K,1.5K–2K,2K–2.5K,2K–2.5K,1.5K–2K,1.5K–2K,1K–1.5K,1K–1.5K,1K–1.5K,0,0,1K–1.5K,1K–1.5K,1K–1.5K,1K–1.5K,1K–1.5K,0,0,1K–1.5K,0,1K–1.5K,0,0,1K–1.5K,0,0,0,0,0,0,0,0,0,0,0,0,0,0,0,0.0,0.0,0.0,0.0,0.0,0.0,0.0,0.0,0.0,0.0
40,2.5M-3M,3.5M-4M,2M-2.5M,1M-1.5M,1M–1.5M,800K–900K,600K–700K,700K–800K,800K–900K,600K-700K,450K-500K,250K–300K,500K-600K,600K-700K,500K-600K,450K-500K,600K-700K,150K–200K,600K–700K,600K-700K,400K-450K,350K-400K,300K–350K,200K–250K,200K–250K,400K–450K,150K–200K,200K–250K,150K–200K,200K–250K,250K-300K,200K–250K,300K–350K,200K-250K,250K–300K,150K–200K,250K–300K,150K–200K,150K–200K,200K–250K,150K–200K,50K–60K,100K-150K,70K–80K,25K–30K,100K–150K,90K–100K,100K–150K,70K–80K,100K–150K,100K-150K,70K–80K,100K-150K,90K–100K,100K-150K,80K-90K,70K-80K,100K–150K,50K–60K,50K–60K,80K–90K,45K–50K,70K-80K,70K–80K,60K–70K,45K-50K,60K-70K,70K–80K,10K–15K,50K–60K,50K–60K,70K–80K,60K–70K,50K–60K,35K–40K,40K–45K,60K-70K,30K-35K,50K–60K,45K–50K,35K–40K,50K-60K,25K–30K,30K–35K,60K-70K,15K–20K,20K–25K,50K–60K,45K–50K,40K–45K,15K–20K,20K–25K,45K–50K,25K–30K,15K–20K,35K–40K,10K–15K,20K–25K,30K–35K,35K-40K,15K–20K,30K–35K,30K–35K,10K–15K,10K–15K,30K–35K,25K–30K,15K–20K,15K–20K,5K–6K,20K–25K,10K–15K,20K–25K,20K–25K,15K–20K,20K–25K,10K–15K,15K–20K,15K–20K,15K–20K,20K–25K,15K–20K,10K–15K,15K–20K,10K–15K,6K–7K,10K–15K,5K–6K,10K–15K,9K–10K,8K–9K,8K–9K,10K–15K,5K–6K,8K–9K,8K–9K,6K–7K,3.5K–4K,5K–6K,7K–8K,4K–4.5K,5K–6K,3.5K–4K,6K–7K,6K–7K,4K–4.5K,6K–7K,4K–4.5K,7K–8K,5K–6K,2.5K–3K,4K–4.5K,3.5K–4K,4K–4.5K,2.5K–3K,3.5K–4K,3K–3.5K,3K–3.5K,1.5K–2K,3K–3.5K,1.5K–2K,2.5K–3K,2.5K–3K,1K–1.5K,1K–1.5K,1.5K–2K,1.5K–2K,1.5K–2K,1.5K–2K,0,1K–1.5K,0,0,0,1K–1.5K,1K–1.5K,1K–1.5K,0,0,0,0,1K–1.5K,0,0,0,0,1K–1.5K,0,0,0,0,0,0,0,0,0,0,0,0,0,0,0,0.0,0.0,0.0,0.0,0.0,0.0,0.0,0.0,0.0,0.0
41,2M-2.5M,3.5M-4M,2M-2.5M,1M-1.5M,1M–1.5M,700K–800K,700K–800K,700K–800K,800K–900K,600K-700K,400K-450K,200K–250K,500K-600K,500K-600K,500K-600K,400K-450K,600K-700K,150K–200K,600K–700K,600K-700K,400K-450K,350K-400K,300K–350K,150K–200K,200K–250K,400K–450K,150K–200K,200K–250K,100K–150K,200K–250K,250K-300K,200K–250K,300K–350K,200K-250K,250K–300K,150K–200K,200K–250K,150K–200K,150K–200K,200K–250K,100K–150K,45K–50K,100K-150K,60K–70K,25K–30K,100K–150K,80K–90K,100K–150K,60K–70K,100K–150K,100K-150K,70K–80K,100K-150K,80K–90K,100K-150K,70K-80K,60K-70K,100K–150K,40K–45K,45K–50K,80K–90K,40K–45K,60K-70K,70K–80K,50K–60K,45K-50K,60K-70K,80K–90K,10K–15K,50K–60K,45K–50K,60K–70K,60K–70K,45K–50K,35K–40K,40K–45K,50K-60K,25K-30K,50K–60K,40K–45K,30K–35K,50K-60K,20K–25K,25K–30K,60K-70K,15K–20K,20K–25K,50K–60K,40K–45K,40K–45K,15K–20K,15K–20K,45K–50K,20K–25K,15K–20K,35K–40K,10K–15K,15K–20K,25K–30K,35K-40K,15K–20K,25K–30K,30K–35K,10K–15K,10K–15K,25K–30K,25K–30K,15K–20K,15K–20K,5K–6K,15K–20K,10K–15K,20K–25K,15K–20K,15K–20K,20K–25K,10K–15K,15K–20K,15K–20K,15K–20K,15K–20K,15K–20K,10K–15K,10K–15K,10K–15K,5K–6K,10K–15K,5K–6K,0,8K–9K,7K–8K,7K–8K,10K–15K,5K–6K,7K–8K,8K–9K,5K–6K,3K–3.5K,4K–4.5K,6K–7K,3K–3.5K,5K–6K,3K–3.5K,6K–7K,6K–7K,3.5K–4K,6K–7K,4.5K–5K,7K–8K,5K–6K,2K–2.5K,4K–4.5K,3.5K–4K,4K–4.5K,2.5K–3K,3.5K–4K,3K–3.5K,3K–3.5K,1.5K–2K,3K–3.5K,1K–1.5K,2.5K–3K,2.5K–3K,0,1K–1.5K,1.5K–2K,1.5K–2K,1K–1.5K,1.5K–2K,0,1K–1.5K,0,0,0,1K–1.5K,1K–1.5K,1K–1.5K,0,0,0,0,1K–1.5K,0,0,0,0,1K–1.5K,0,0,0,0,0,0,0,0,0,0,0,0,0,0,0,0.0,0.0,0.0,0.0,0.0,0.0,0.0,0.0,0.0,0.0
42,2M-2.5M,3.5M-4M,2M-2.5M,1M-1.5M,1M–1.5M,700K–800K,600K–700K,600K–700K,700K–800K,700K-800K,400K-450K,200K–250K,500K-600K,500K-600K,500K-600K,400K-450K,600K-700K,100K–150K,600K–700K,600K-700K,400K-450K,300K-350K,300K–350K,200K–250K,150K–200K,350K–400K,150K–200K,150K–200K,100K–150K,150K–200K,250K-300K,200K–250K,250K–300K,200K-250K,250K–300K,150K–200K,200K–250K,100K–150K,150K–200K,200K–250K,100K–150K,50K–60K,100K-150K,50K–60K,25K–30K,100K–150K,80K–90K,150K–200K,60K–70K,100K–150K,90K-100K,60K–70K,100K-150K,70K–80K,100K–150K,70K-80K,60K-70K,100K–150K,35K–40K,40K–45K,70K–80K,40K–45K,60K-70K,70K–80K,50K–60K,45K-50K,60K-70K,80K–90K,10K–15K,50K–60K,45K–50K,60K–70K,60K–70K,40K–45K,30K–35K,35K–40K,50K-60K,20K-25K,50K–60K,35K–40K,25K–30K,50K-60K,20K–25K,25K–30K,50K-60K,15K–20K,20K–25K,50K–60K,40K–45K,40K–45K,15K–20K,15K–20K,40K–45K,20K–25K,15K–20K,35K–40K,10K–15K,15K–20K,25K–30K,35K-40K,15K–20K,25K–30K,30K–35K,10K–15K,10K–15K,25K–30K,25K–30K,15K–20K,15K–20K,3.5K–4K,15K–20K,10K–15K,20K–25K,15K–20K,15K–20K,20K–25K,10K–15K,15K–20K,15K–20K,15K–20K,15K–20K,15K–20K,10K–15K,10K–15K,10K–15K,4.5K–5K,10K–15K,8K–9K,8K–9K,7K–8K,6K–7K,6K–7K,9K–10K,5K–6K,7K–8K,8K–9K,5K–6K,3K–3.5K,4K–4.5K,6K–7K,3K–3.5K,5K–6K,3K–3.5K,6K–7K,6K–7K,3.5K–4K,5K–6K,4K–4.5K,6K–7K,5K–6K,2K–2.5K,4.5K–5K,3K–3.5K,4K–4.5K,2.5K–3K,3.5K–4K,2.5K–3K,3K–3.5K,1K–1.5K,3K–3.5K,1K–1.5K,2.5K–3K,2.5K–3K,1K–1.5K,1K–1.5K,1.5K–2K,1.5K–2K,1K–1.5K,1.5K–2K,0,1K–1.5K,0,0,0,1K–1.5K,1K–1.5K,1K–1.5K,0,0,0,0,1K–1.5K,0,1K–1.5K,0,0,1K–1.5K,0,0,0,0,0,0,0,0,0,0,0,0,0,0,0,0.0,0.0,0.0,0.0,0.0,0.0,0.0,0.0,0.0,0.0
43,2M-2.5M,3M-3.5M,1.5M-2M,900K-1M,1M–1.5M,600K–700K,500K–600K,600K–700K,700K–800K,700K-800K,350K-400K,200K–250K,500K-600K,600K-700K,500K-600K,350K-400K,700K-800K,100K–150K,500K–600K,600K-700K,400K-450K,300K-350K,250K–300K,150K–200K,150K–200K,300K–350K,150K–200K,150K–200K,100K–150K,200K–250K,250K-300K,200K–250K,250K–300K,200K-250K,250K–300K,150K–200K,200K–250K,100K–150K,150K–200K,200K–250K,100K–150K,50K–60K,100K-150K,50K–60K,30K–35K,100K–150K,70K–80K,100K–150K,50K–60K,100K–150K,90K-100K,60K–70K,100K-150K,60K–70K,90K-100K,70K-80K,60K-70K,100K–150K,35K–40K,40K–45K,70K–80K,35K–40K,70K-80K,70K–80K,50K–60K,50K-60K,70K-80K,70K–80K,15K–20K,50K–60K,40K–45K,60K–70K,60K–70K,40K–45K,30K–35K,35K–40K,50K-60K,20K-25K,50K–60K,35K–40K,25K–30K,50K-60K,20K–25K,25K–30K,50K-60K,10K–15K,20K–25K,50K–60K,40K–45K,35K–40K,20K–25K,20K–25K,35K–40K,20K–25K,10K–15K,35K–40K,10K–15K,15K–20K,25K–30K,35K-40K,10K–15K,20K–25K,25K–30K,10K–15K,10K–15K,25K–30K,25K–30K,15K–20K,10K–15K,4.5K–5K,15K–20K,10K–15K,15K–20K,15K–20K,15K–20K,20K–25K,9K–10K,10K–15K,15K–20K,10K–15K,15K–20K,15K–20K,10K–15K,10K–15K,10K–15K,4.5K–5K,10K–15K,6K–7K,8K–9K,6K–7K,6K–7K,6K–7K,8K–9K,5K–6K,6K–7K,7K–8K,4.5K–5K,2.5K–3K,3.5K–4K,5K–6K,3K–3.5K,5K–6K,3K–3.5K,6K–7K,5K–6K,3.5K–4K,5K–6K,3.5K–4K,6K–7K,4.5K–5K,2K–2.5K,4K–4.5K,3K–3.5K,3.5K–4K,2.5K–3K,3.5K–4K,2.5K–3K,3K–3.5K,1K–1.5K,3K–3.5K,1K–1.5K,2.5K–3K,2.5K–3K,1K–1.5K,1K–1.5K,1.5K–2K,1.5K–2K,1K–1.5K,1K–1.5K,0,1K–1.5K,0,0,0,1K–1.5K,1K–1.5K,1K–1.5K,0,0,0,0,1K–1.5K,0,0,0,0,1K–1.5K,0,0,0,0,0,0,0,0,0,0,0,0,0,0,0,0.0,0.0,0.0,0.0,0.0,0.0,0.0,0.0,0.0,0.0
44,1.5M-2M,3M-3.5M,1.5M-2M,800K-900K,1M–1.5M,500K–600K,500K–600K,500K–600K,700K–800K,600K-700K,300K-350K,150K–200K,450K-500K,500K-600K,450K-500K,350K-400K,600K-700K,90K–100K,500K–600K,600K-700K,350K-400K,250K-300K,250K–300K,100K–150K,150K–200K,300K–350K,100K–150K,150K–200K,100K–150K,100K–150K,250K-300K,200K–250K,200K–250K,200K-250K,200K–250K,100K–150K,150K–200K,100K–150K,150K–200K,150K–200K,100K–150K,35K–40K,100K-150K,50K–60K,20K–25K,100K–150K,60K–70K,100K–150K,45K–50K,100K–150K,80K-90K,50K–60K,100K-150K,50K–60K,80K-90K,60K-70K,50K-60K,100K–150K,25K–30K,30K–35K,70K–80K,30K–35K,60K-70K,60K–70K,40K–45K,40K-45K,60K-70K,70K–80K,9K–10K,45K–50K,35K–40K,50K–60K,60K–70K,35K–40K,25K–30K,30K–35K,40K-45K,15K-20K,50K–60K,25K–30K,20K–25K,45K-50K,15K–20K,20K–25K,50K-60K,10K–15K,15K–20K,45K–50K,35K–40K,35K–40K,10K–15K,10K–15K,35K–40K,15K–20K,10K–15K,30K–35K,9K–10K,10K–15K,20K–25K,30K-35K,10K–15K,20K–25K,25K–30K,8K–9K,8K–9K,25K–30K,25K–30K,10K–15K,10K–15K,3K–3.5K,15K–20K,8K–9K,15K–20K,10K–15K,10K–15K,15K–20K,8K–9K,10K–15K,15K–20K,10K–15K,10K–15K,15K–20K,8K–9K,10K–15K,9K–10K,3.5K–4K,10K–15K,4.5K–5K,6K–7K,6K–7K,4.5K–5K,4.5K–5K,7K–8K,4K–4.5K,5K–6K,7K–8K,4K–4.5K,2K–2.5K,3K–3.5K,5K–6K,2K–2.5K,4.5K–5K,2K–2.5K,5K–6K,5K–6K,2.5K–3K,4.5K–5K,2.5K–3K,6K–7K,4.5K–5K,1.5K–2K,4K–4.5K,2.5K–3K,3.5K–4K,2K–2.5K,3.5K–4K,2K–2.5K,3K–3.5K,1K–1.5K,2.5K–3K,0,2K–2.5K,2.5K–3K,0,0,1.5K–2K,1.5K–2K,1K–1.5K,1K–1.5K,0,1K–1.5K,0,0,0,1K–1.5K,0,0,0,0,0,0,1K–1.5K,0,0,0,0,1K–1.5K,0,0,0,0,0,0,0,0,0,0,0,0,0,0,0,0.0,0.0,0.0,0.0,0.0,0.0,0.0,0.0,0.0,0.0
45,1.5M-2M,3M-3.5M,1.5M-2M,800K-900K,1M–1.5M,500K–600K,500K–600K,500K–600K,600K–700K,600K-700K,300K-350K,150K–200K,400K-450K,500K-600K,450K-500K,300K-350K,600K-700K,90K–100K,500K–600K,500K-600K,350K-400K,250K-300K,200K–250K,100K–150K,100K–150K,300K–350K,100K–150K,150K–200K,90K–100K,100K–150K,250K-300K,200K–250K,200K–250K,200K-250K,200K–250K,100K–150K,150K–200K,100K–150K,150K–200K,150K–200K,90K–100K,30K–35K,100K-150K,40K–45K,20K–25K,100K–150K,60K–70K,100K–150K,45K–50K,100K–150K,80K-90K,50K–60K,100K-150K,50K–60K,80K-90K,60K-70K,50K-60K,90K–100K,20K–25K,25K–30K,70K–80K,25K–30K,60K-70K,60K–70K,40K–45K,40K-45K,60K-70K,60K–70K,9K–10K,40K–45K,30K–35K,50K–60K,60K–70K,35K–40K,20K–25K,25K–30K,35K-40K,15K-20K,50K–60K,25K–30K,15K–20K,40K-45K,10K–15K,20K–25K,50K-60K,10K–15K,15K–20K,40K–45K,35K–40K,30K–35K,15K–20K,10K–15K,30K–35K,15K–20K,9K–10K,30K–35K,9K–10K,10K–15K,20K–25K,30K-35K,10K–15K,15K–20K,25K–30K,7K–8K,7K–8K,20K–25K,25K–30K,10K–15K,10K–15K,2.5K–3K,10K–15K,7K–8K,15K–20K,10K–15K,10K–15K,15K–20K,7K–8K,10K–15K,10K–15K,10K–15K,10K–15K,10K–15K,7K–8K,10K–15K,8K–9K,3.5K–4K,10K–15K,4.5K–5K,6K–7K,5K–6K,4.5K–5K,4K–4.5K,7K–8K,3.5K–4K,5K–6K,7K–8K,3.5K–4K,2K–2.5K,2.5K–3K,5K–6K,2K–2.5K,4.5K–5K,2K–2.5K,5K–6K,4.5K–5K,2K–2.5K,4K–4.5K,2.5K–3K,6K–7K,4.5K–5K,1.5K–2K,4.5K–5K,2K–2.5K,3.5K–4K,2K–2.5K,3.5K–4K,1.5K–2K,3K–3.5K,0,3K–3.5K,0,2.5K–3K,2.5K–3K,0,0,1.5K–2K,1.5K–2K,1K–1.5K,1K–1.5K,0,1K–1.5K,0,0,0,1K–1.5K,0,1K–1.5K,0,0,0,0,1K–1.5K,0,1K–1.5K,0,0,1K–1.5K,0,0,0,0,0,0,0,0,0,0,0,0,0,0,0,0.0,0.0,0.0,0.0,0.0,0.0,0.0,0.0,0.0,0.0
46,1.5M-2M,3M-3.5M,1.5M-2M,600K-700K,900K–1M,500K–600K,450K–500K,500K–600K,600K–700K,600K-700K,250K-300K,150K–200K,400K-450K,500K-600K,500K-600K,300K-350K,600K-700K,100K–150K,500K–600K,500K-600K,350K-400K,250K-300K,200K–250K,100K–150K,100K–150K,300K–350K,100K–150K,100K–150K,80K–90K,100K–150K,250K-300K,200K–250K,150K–200K,150K-200K,200K–250K,100K–150K,150K–200K,100K–150K,150K–200K,150K–200K,80K–90K,35K–40K,100K-150K,35K–40K,20K–25K,100K–150K,50K–60K,100K–150K,40K–45K,90K–100K,80K-90K,45K–50K,100K–150K,50K–60K,70K-80K,50K-60K,50K-60K,80K–90K,20K–25K,25K–30K,60K–70K,25K–30K,60K-70K,60K–70K,35K–40K,35K-40K,60K-70K,60K–70K,8K–9K,40K–45K,30K–35K,50K–60K,60K–70K,30K–35K,20K–25K,25K–30K,35K-40K,15K-20K,50K–60K,20K–25K,15K–20K,40K-45K,10K–15K,20K–25K,50K-60K,8K–9K,10K–15K,35K–40K,30K–35K,30K–35K,10K–15K,10K–15K,30K–35K,15K–20K,8K–9K,30K–35K,8K–9K,10K–15K,20K–25K,30K-35K,10K–15K,15K–20K,20K–25K,7K–8K,6K–7K,20K–25K,20K–25K,10K–15K,10K–15K,2.5K–3K,10K–15K,7K–8K,15K–20K,10K–15K,10K–15K,15K–20K,6K–7K,9K–10K,10K–15K,10K–15K,10K–15K,10K–15K,6K–7K,10K–15K,7K–8K,2.5K–3K,10K–15K,3.5K–4K,5K–6K,5K–6K,4K–4.5K,3.5K–4K,6K–7K,3K–3.5K,5K–6K,6K–7K,3K–3.5K,1.5K–2K,2.5K–3K,4.5K–5K,2K–2.5K,4K–4.5K,2K–2.5K,5K–6K,4.5K–5K,2K–2.5K,4K–4.5K,2.5K–3K,6K–7K,4K–4.5K,1K–1.5K,4K–4.5K,2K–2.5K,3.5K–4K,2K–2.5K,3.5K–4K,1.5K–2K,3K–3.5K,0,2.5K–3K,0,2K–2.5K,2K–2.5K,0,0,1.5K–2K,1K–1.5K,1K–1.5K,1K–1.5K,0,1K–1.5K,0,0,0,1K–1.5K,0,0,0,0,0,0,1K–1.5K,0,1K–1.5K,0,0,1K–1.5K,0,0,0,0,0,0,0,0,0,0,0,0,0,0,0,0.0,0.0,0.0,0.0,0.0,0.0,0.0,0.0,0.0,0.0
47,1M-1.5M,3.5M-4M,1.5M-2M,700K-800K,900K–1M,500K–600K,400K–450K,500K–600K,600K–700K,700K-800K,250K-300K,150K–200K,400K-450K,500K-600K,500K-600K,300K-350K,600K-700K,100K–150K,450K–500K,500K-600K,350K-400K,250K-300K,200K–250K,100K–150K,100K–150K,300K–350K,100K–150K,100K–150K,90K–100K,100K–150K,250K-300K,200K–250K,150K–200K,150K-200K,150K–200K,100K–150K,150K–200K,100K–150K,150K–200K,150K–200K,80K–90K,35K–40K,100K-150K,40K–45K,20K–25K,100K–150K,50K–60K,100K–150K,40K–45K,90K–100K,80K-90K,45K–50K,100K-150K,40K–45K,80K-90K,50K-60K,50K-60K,70K–80K,20K–25K,25K–30K,60K–70K,20K–25K,60K-70K,60K–70K,35K–40K,40K-45K,60K-70K,60K–70K,9K–10K,40K–45K,30K–35K,50K–60K,60K–70K,30K–35K,20K–25K,25K–30K,35K-40K,15K-20K,50K–60K,25K–30K,15K–20K,40K-45K,10K–15K,15K–20K,50K-60K,9K–10K,15K–20K,35K–40K,35K–40K,30K–35K,10K–15K,9K–10K,25K–30K,15K–20K,7K–8K,35K–40K,8K–9K,10K–15K,20K–25K,25K-30K,10K–15K,15K–20K,20K–25K,8K–9K,7K–8K,20K–25K,25K–30K,10K–15K,10K–15K,2.5K–3K,10K–15K,7K–8K,15K–20K,10K–15K,10K–15K,15K–20K,6K–7K,9K–10K,10K–15K,10K–15K,10K–15K,10K–15K,6K–7K,10K–15K,8K–9K,3K–3.5K,10K–15K,3.5K–4K,5K–6K,5K–6K,4K–4.5K,3.5K–4K,6K–7K,3K–3.5K,5K–6K,6K–7K,3K–3.5K,1.5K–2K,2.5K–3K,5K–6K,1.5K–2K,4K–4.5K,1.5K–2K,4.5K–5K,4.5K–5K,2K–2.5K,4K–4.5K,2.5K–3K,6K–7K,4K–4.5K,1.5K–2K,4K–4.5K,2K–2.5K,3.5K–4K,2K–2.5K,3.5K–4K,1.5K–2K,3.5K–4K,0,3K–3.5K,0,2K–2.5K,2K–2.5K,0,0,1.5K–2K,1.5K–2K,0,1K–1.5K,0,1K–1.5K,0,0,0,1K–1.5K,0,1K–1.5K,0,0,0,0,0,0,1K–1.5K,0,0,0,0,0,0,0,0,0,0,0,0,0,0,0,0,0,0,0.0,0.0,0.0,0.0,0.0,0.0,0.0,0.0,0.0,0.0
48,400K-450K,3.5M-4M,1.5M-2M,80K-90K,900K–1M,500K–600K,400K–450K,500K–600K,600K–700K,700K-800K,250K-300K,150K–200K,400K-450K,500K-600K,200K-250K,300K-350K,300K-350K,90K–100K,500K–600K,150K-200K,400K–450K,200K-250K,200K–250K,150K–200K,100K–150K,300K–350K,150K–200K,100K–150K,100K–150K,150K–200K,250K-300K,150K–200K,150K–200K,150K-200K,150K–200K,100K–150K,150K–200K,100K–150K,150K–200K,150K–200K,80K–90K,45K–50K,100K-150K,45K–50K,35K–40K,100K–150K,60K–70K,100K–150K,40K–45K,100K–150K,40K-45K,45K–50K,35K-40K,40K–45K,35K-40K,50K-60K,10K-15K,70K–80K,25K–30K,25K–30K,60K–70K,25K–30K,60K-70K,70K–80K,50K–60K,45K-50K,60K-70K,60K–70K,15K–20K,40K–45K,30K–35K,50K–60K,60K–70K,30K–35K,20K–25K,25K–30K,35K-40K,15K-20K,50K–60K,25K–30K,15K–20K,45K-50K,10K–15K,15K–20K,20K-25K,10K–15K,15K–20K,30K–35K,35K–40K,30K–35K,15K–20K,10K–15K,25K–30K,15K–20K,8K–9K,35K–40K,8K–9K,10K–15K,20K–25K,25K-30K,10K–15K,15K–20K,20K–25K,10K–15K,8K–9K,20K–25K,25K–30K,10K–15K,10K–15K,5K–6K,10K–15K,8K–9K,15K–20K,10K–15K,10K–15K,15K–20K,6K–7K,8K–9K,10K–15K,10K–15K,10K–15K,10K–15K,6K–7K,9K–10K,8K–9K,3.5K–4K,10K–15K,4K–4.5K,6K–7K,5K–6K,4K–4.5K,3.5K–4K,5K–6K,3.5K–4K,5K–6K,6K–7K,3.5K–4K,1.5K–2K,2.5K–3K,4.5K–5K,1.5K–2K,4K–4.5K,2K–2.5K,5K–6K,4K–4.5K,2.5K–3K,4K–4.5K,2.5K–3K,6K–7K,4K–4.5K,2K–2.5K,4K–4.5K,2K–2.5K,3.5K–4K,1.5K–2K,3.5K–4K,1.5K–2K,3.5K–4K,0,2.5K–3K,1K–1.5K,2K–2.5K,2K–2.5K,0,0,1.5K–2K,1K–1.5K,0,1K–1.5K,0,1K–1.5K,0,0,0,1K–1.5K,0,0,0,0,0,0,1K–1.5K,0,1K–1.5K,0,0,0,0,0,0,0,0,0,0,0,0,0,0,0,0,0,0,0.0,0.0,0.0,0.0,0.0,0.0,0.0,0.0,0.0,0.0
49,350K-400K,3M-3.5M,1M-1.5M,70K-80K,700K–800K,450K–500K,350K–400K,450K–500K,450K–500K,600K-700K,200K-250K,100K–150K,350K-400K,500K-600K,150K-200K,250K-300K,300K-350K,70K–80K,450K–500K,150K-200K,300K-350K,200K-250K,150K–200K,100K–150K,90K–100K,250K–300K,100K–150K,100K–150K,60K–70K,80K–90K,200K-250K,150K–200K,150K–200K,150K-200K,150K–200K,100K–150K,100K–150K,90K–100K,150K–200K,150K–200K,60K–70K,25K–30K,100K-150K,30K–35K,15K–20K,90K–100K,45K–50K,100K–150K,30K–35K,90K–100K,40K-45K,35K–40K,35K-40K,30K–35K,30K-35K,45K-50K,10K-15K,60K–70K,10K–15K,20K–25K,50K–60K,15K–20K,60K-70K,60K–70K,30K–35K,30K-35K,60K-70K,60K–70K,5K–6K,35K–40K,25K–30K,40K–45K,60K–70K,25K–30K,15K–20K,20K–25K,20K-25K,10K-15K,45K–50K,15K–20K,10K–15K,40K-45K,10K–15K,15K–20K,15K-20K,7K–8K,10K–15K,25K–30K,30K–35K,25K–30K,10K–15K,6K–7K,20K–25K,10K–15K,6K–7K,30K–35K,6K–7K,7K–8K,15K–20K,25K-30K,7K–8K,10K–15K,20K–25K,5K–6K,4.5K–5K,15K–20K,20K–25K,9K–10K,10K–15K,2.5K–3K,10K–15K,5K–6K,10K–15K,8K–9K,10K–15K,10K–15K,4K–4.5K,7K–8K,10K–15K,9K–10K,9K–10K,10K–15K,4.5K–5K,8K–9K,7K–8K,2.5K–3K,9K–10K,3.5K–4K,4K–4.5K,4K–4.5K,3K–3.5K,2.5K–3K,5K–6K,3K–3.5K,4.5K–5K,6K–7K,2.5K–3K,1K–1.5K,1.5K–2K,3.5K–4K,1K–1.5K,3.5K–4K,1.5K–2K,4.5K–5K,3.5K–4K,1.5K–2K,3K–3.5K,2K–2.5K,5K–6K,3.5K–4K,1K–1.5K,3.5K–4K,2K–2.5K,2.5K–3K,1.5K–2K,3K–3.5K,1K–1.5K,3K–3.5K,0,2K–2.5K,0,2K–2.5K,2K–2.5K,0,0,1.5K–2K,1K–1.5K,0,1K–1.5K,0,1K–1.5K,0,0,0,1K–1.5K,0,0,0,0,0,0,0,0,1K–1.5K,0,0,0,0,0,0,0,0,0,0,0,0,0,0,0,0,0,0,0.0,0.0,0.0,0.0,0.0,0.0,0.0,0.0,0.0,0.0
50,300K-350K,3M-3.5M,1M-1.5M,70K-80K,700K–800K,400K–450K,300K–350K,400K–450K,450K–500K,600K-700K,200K-250K,100K–150K,300K-350K,450K-500K,150K-200K,250K-300K,250K-300K,60K–70K,400K–450K,100K-150K,300K-350K,200K-250K,150K–200K,100K–150K,80K–90K,250K–300K,90K–100K,100K–150K,60K–70K,80K–90K,200K-250K,150K–200K,100K–150K,150K-200K,100K–150K,100K–150K,100K–150K,80K–90K,150K–200K,200K–250K,50K–60K,25K–30K,100K-150K,25K–30K,15K–20K,100K–150K,40K–45K,90K–100K,25K–30K,80K–90K,35K-40K,30K–35K,30K-35K,30K–35K,30K-35K,45K-50K,10K-15K,50K–60K,10K–15K,20K–25K,45K–50K,15K–20K,50K-60K,60K–70K,20K–25K,30K-35K,60K-70K,50K–60K,5K–6K,35K–40K,25K–30K,40K–45K,60K–70K,25K–30K,10K–15K,15K–20K,20K-25K,10K-15K,40K–45K,15K–20K,10K–15K,45K-50K,10K–15K,15K–20K,15K-20K,5K–6K,10K–15K,25K–30K,30K–35K,25K–30K,10K–15K,6K–7K,20K–25K,9K–10K,5K–6K,25K–30K,6K–7K,6K–7K,15K–20K,20K-25K,6K–7K,10K–15K,15K–20K,5K–6K,5K–6K,15K–20K,20K–25K,8K–9K,10K–15K,2K–2.5K,10K–15K,5K–6K,10K–15K,7K–8K,10K–15K,10K–15K,4K–4.5K,6K–7K,10K–15K,9K–10K,8K–9K,10K–15K,3.5K–4K,8K–9K,7K–8K,2K–2.5K,8K–9K,2.5K–3K,4K–4.5K,3.5K–4K,2.5K–3K,2.5K–3K,5K–6K,2.5K–3K,3.5K–4K,6K–7K,2K–2.5K,1K–1.5K,1.5K–2K,3K–3.5K,1K–1.5K,3K–3.5K,1K–1.5K,4K–4.5K,3K–3.5K,1K–1.5K,3K–3.5K,1.5K–2K,5K–6K,3K–3.5K,0,3.5K–4K,1.5K–2K,2.5K–3K,1.5K–2K,3K–3.5K,1K–1.5K,3K–3.5K,0,2K–2.5K,0,2K–2.5K,1.5K–2K,0,0,1.5K–2K,1K–1.5K,0,0,0,1K–1.5K,0,0,0,1K–1.5K,0,0,0,0,0,0,0,0,0,0,0,0,0,0,0,0,0,0,0,0,0,0,0,0,0,0,0,0.0,0.0,0.0,0.0,0.0,0.0,0.0,0.0,0.0,0.0
51,250K-300K,2.5M-3M,1M-1.5M,50K-60K,600K–700K,350K–400K,250K–300K,350K–400K,350K–400K,600K-700K,150K-200K,80K–90K,300K-350K,450K-500K,150K-200K,250K-300K,250K-300K,50K–60K,400K–450K,100K-150K,300K-350K,150K-200K,150K–200K,80K–90K,70K–80K,250K–300K,70K–80K,90K–100K,50K–60K,60K–70K,200K-250K,100K–150K,100K–150K,150K-200K,100K–150K,100K–150K,100K–150K,70K–80K,150K–200K,100K–150K,45K–50K,20K–25K,100K-150K,20K–25K,10K–15K,100K–150K,40K–45K,90K–100K,25K–30K,70K–80K,35K-40K,30K–35K,25K-30K,25K–30K,25K-30K,40K-45K,9K-10K,50K–60K,10K–15K,15K–20K,45K–50K,10K–15K,50K-60K,50K–60K,20K–25K,30K-35K,60K-70K,45K–50K,5K–6K,35K–40K,20K–25K,35K–40K,60K–70K,20K–25K,10K–15K,15K–20K,15K-20K,8K-9K,40K–45K,10K–15K,10K–15K,40K-45K,9K–10K,10K–15K,15K-20K,4.5K–5K,8K–9K,25K–30K,25K–30K,20K–25K,9K–10K,5K–6K,20K–25K,7K–8K,5K–6K,25K–30K,5K–6K,6K–7K,15K–20K,20K-25K,5K–6K,10K–15K,15K–20K,4.5K–5K,3.5K–4K,15K–20K,20K–25K,8K–9K,10K–15K,1.5K–2K,10K–15K,4.5K–5K,10K–15K,6K–7K,10K–15K,10K–15K,3.5K–4K,5K–6K,10K–15K,8K–9K,8K–9K,10K–15K,4.5K–5K,7K–8K,6K–7K,1.5K–2K,8K–9K,2K–2.5K,3K–3.5K,3.5K–4K,2K–2.5K,2K–2.5K,4.5K–5K,2K–2.5K,3.5K–4K,5K–6K,2K–2.5K,0,1K–1.5K,3K–3.5K,1K–1.5K,3K–3.5K,1K–1.5K,3.5K–4K,3K–3.5K,1K–1.5K,2.5K–3K,1.5K–2K,5K–6K,3K–3.5K,0,3.5K–4K,1.5K–2K,2.5K–3K,1K–1.5K,2.5K–3K,1K–1.5K,2.5K–3K,0,2.5K–3K,0,1.5K–2K,1.5K–2K,0,0,1K–1.5K,1K–1.5K,0,0,0,1K–1.5K,0,0,0,1K–1.5K,0,0,0,0,0,0,0,0,1K–1.5K,0,0,0,0,0,0,0,0,0,0,0,0,0,0,0,0,0,0,0.0,0.0,0.0,0.0,0.0,0.0,0.0,0.0,0.0,0.0
52,900K–1M,3M-3.5M,1M-1.5M,350K–400K,600K–700K,350K–400K,250K–300K,350K–400K,450K–500K,600K-700K,150K-200K,100K–150K,300K-350K,450K-500K,450K–500K,250K-300K,500K–600K,50K–60K,400K–450K,300K–350K,300K-350K,150K-200K,150K–200K,90K–100K,70K–80K,250K–300K,80K–90K,90K–100K,50K–60K,70K–80K,200K-250K,100K–150K,100K–150K,150K-200K,100K–150K,90K–100K,100K–150K,70K–80K,150K–200K,90K–100K,40K–45K,20K–25K,100K-150K,20K–25K,10K–15K,100K–150K,40K–45K,90K–100K,25K–30K,70K–80K,50K–60K,30K–35K,70K–80K,25K–30K,50K–60K,40K-45K,35K–40K,50K–60K,10K–15K,20K–25K,50K–60K,10K–15K,50K-60K,50K–60K,20K–25K,30K-35K,60K-70K,45K–50K,5K–6K,35K–40K,20K–25K,35K–40K,50K–60K,20K–25K,10K–15K,15K–20K,15K-20K,8K-9K,40K–45K,10K–15K,10K–15K,40K-45K,8K–9K,10K–15K,35K–40K,4.5K–5K,9K–10K,25K–30K,25K–30K,20K–25K,10K–15K,4.5K–5K,15K–20K,7K–8K,5K–6K,30K–35K,5K–6K,5K–6K,15K–20K,20K-25K,5K–6K,10K–15K,15K–20K,5K–6K,3.5K–4K,15K–20K,20K–25K,8K–9K,8K–9K,1.5K–2K,10K–15K,4.5K–5K,10K–15K,6K–7K,9K–10K,10K–15K,3K–3.5K,5K–6K,10K–15K,8K–9K,8K–9K,10K–15K,4K–4.5K,8K–9K,7K–8K,1.5K–2K,7K–8K,2K–2.5K,3K–3.5K,3.5K–4K,2K–2.5K,2K–2.5K,4K–4.5K,2K–2.5K,3K–3.5K,5K–6K,2K–2.5K,0,1K–1.5K,3K–3.5K,1K–1.5K,3K–3.5K,1K–1.5K,4K–4.5K,3K–3.5K,1K–1.5K,2.5K–3K,1.5K–2K,5K–6K,3K–3.5K,0,3.5K–4K,1.5K–2K,2.5K–3K,1K–1.5K,3K–3.5K,1K–1.5K,3K–3.5K,0,2.5K–3K,0,1.5K–2K,1.5K–2K,0,0,1.5K–2K,1K–1.5K,0,0,0,1K–1.5K,0,0,0,0,0,0,0,0,0,0,0,0,0,0,0,0,0,0,0,0,0,0,0,0,0,0,0,0,0,0,0,0.0,0.0,0.0,0.0,0.0,0.0,0.0,0.0,0.0,0.0
53,900K–1M,3M-3.5M,1M-1.5M,300K–350K,500K–600K,350K–400K,250K–300K,350K–400K,450K–500K,600K-700K,150K-200K,100K–150K,300K-350K,400K-450K,450K–500K,200K-250K,500K–600K,50K–60K,350K–400K,350K–400K,350K-400K,150K-200K,150K–200K,90K–100K,60K–70K,200K–250K,70K–80K,80K–90K,50K–60K,60K–70K,200K-250K,100K–150K,100K–150K,150K-200K,100K–150K,90K–100K,100K–150K,70K–80K,150K–200K,90K–100K,40K–45K,20K–25K,100K-150K,20K–25K,15K–20K,100K–150K,35K–40K,80K–90K,25K–30K,60K–70K,50K–60K,25K–30K,70K–80K,25K–30K,50K–60K,40K-45K,30K–35K,50K–60K,10K–15K,20K–25K,45K–50K,10K–15K,50K-60K,50K–60K,15K–20K,30K-35K,60K-70K,45K–50K,6K–7K,30K–35K,20K–25K,30K–35K,50K–60K,20K–25K,10K–15K,15K–20K,15K-20K,7K-8K,40K–45K,10K–15K,9K–10K,40K-45K,8K–9K,10K–15K,30K–35K,4.5K–5K,8K–9K,25K–30K,25K–30K,20K–25K,8K–9K,5K–6K,15K–20K,7K–8K,5K–6K,30K–35K,5K–6K,4.5K–5K,10K–15K,20K-25K,9K–10K,10K–15K,15K–20K,5K–6K,3.5K–4K,15K–20K,15K–20K,8K–9K,9K–10K,2K–2.5K,10K–15K,4.5K–5K,10K–15K,6K–7K,9K–10K,10K–15K,3K–3.5K,5K–6K,9K–10K,8K–9K,7K–8K,10K–15K,2.5K–3K,7K–8K,6K–7K,1.5K–2K,8K–9K,2K–2.5K,3K–3.5K,3K–3.5K,2K–2.5K,2K–2.5K,4K–4.5K,2K–2.5K,3K–3.5K,5K–6K,1.5K–2K,0,1.5K–2K,2.5K–3K,1K–1.5K,2.5K–3K,1K–1.5K,4K–4.5K,2.5K–3K,1.5K–2K,2.5K–3K,1.5K–2K,4.5K–5K,3K–3.5K,0,3.5K–4K,1.5K–2K,2.5K–3K,1K–1.5K,2.5K–3K,0,3K–3.5K,0,2.5K–3K,0,1.5K–2K,1.5K–2K,0,0,1K–1.5K,0,0,0,0,1K–1.5K,0,0,0,1K–1.5K,0,0,0,0,0,0,0,0,0,0,0,0,0,0,0,0,0,0,0,0,0,0,0,0,0,0,0,0.0,0.0,0.0,0.0,0.0,0.0,0.0,0.0,0.0,0.0
54,700K–800K,3M-3.5M,1M-1.5M,250K–300K,500K–600K,300K–350K,250K–300K,300K–350K,350K–400K,500K-600K,150K-200K,60K–70K,250K-300K,400K-450K,400K–450K,200K-250K,500K–600K,30K–35K,350K–400K,300K–350K,300K-350K,150K-200K,100K–150K,70K–80K,60K–70K,200K–250K,60K–70K,80K–90K,45K–50K,45K–50K,200K-250K,100K–150K,100K–150K,100K-150K,100K–150K,80K–90K,100K–150K,60K–70K,150K–200K,90K–100K,30K–35K,15K–20K,100K-150K,25K–30K,10K–15K,90K–100K,30K–35K,80K–90K,20K–25K,60K–70K,50K–60K,25K–30K,60K–70K,20K–25K,50K–60K,35K-40K,25K–30K,50K–60K,8K–9K,15K–20K,40K–45K,10K–15K,45K-50K,50K–60K,15K–20K,25K-30K,60K-70K,40K–45K,3.5K–4K,30K–35K,15K–20K,30K–35K,50K–60K,20K–25K,9K–10K,10K–15K,10K-15K,7K-8K,40K–45K,9K–10K,7K–8K,40K-45K,6K–7K,10K–15K,30K–35K,3.5K–4K,7K–8K,25K–30K,25K–30K,20K–25K,8K–9K,4K–4.5K,15K–20K,5K–6K,4.5K–5K,25K–30K,4K–4.5K,4K–4.5K,10K–15K,15K-20K,8K–9K,10K–15K,10K–15K,4K–4.5K,3K–3.5K,15K–20K,15K–20K,7K–8K,8K–9K,1.5K–2K,10K–15K,3.5K–4K,10K–15K,4.5K–5K,8K–9K,10K–15K,2K–2.5K,5K–6K,9K–10K,7K–8K,7K–8K,10K–15K,2K–2.5K,7K–8K,6K–7K,1K–1.5K,7K–8K,2K–2.5K,2.5K–3K,3K–3.5K,1.5K–2K,1.5K–2K,4K–4.5K,2K–2.5K,3K–3.5K,4.5K–5K,1.5K–2K,0,1K–1.5K,2.5K–3K,0,2.5K–3K,0,4K–4.5K,2.5K–3K,0,2K–2.5K,1K–1.5K,4.5K–5K,2.5K–3K,0,3.5K–4K,1K–1.5K,2.5K–3K,1K–1.5K,2.5K–3K,0,2.5K–3K,0,2K–2.5K,0,1.5K–2K,1.5K–2K,0,0,1K–1.5K,0,0,0,0,1K–1.5K,0,0,0,1K–1.5K,0,0,0,0,0,0,0,0,0,0,0,0,0,0,0,0,0,0,0,0,0,0,0,0,0,0,0,0.0,0.0,0.0,0.0,0.0,0.0,0.0,0.0,0.0,0.0
55,700K–800K,3M-3.5M,1M-1.5M,200K–250K,450K–500K,250K–300K,200K–250K,250K–300K,350K–400K,500K-600K,150K-200K,60K–70K,250K-300K,350K-400K,350K–400K,200K-250K,450K–500K,30K–35K,300K–350K,300K–350K,300K-350K,150K-200K,100K–150K,70K–80K,50K–60K,200K–250K,50K–60K,80K–90K,40K–45K,40K–45K,200K-250K,100K–150K,100K–150K,100K-150K,100K–150K,80K–90K,100K–150K,50K–60K,100K–150K,80K–90K,25K–30K,10K–15K,90K-100K,20K–25K,10K–15K,80K–90K,30K–35K,80K–90K,20K–25K,50K–60K,50K–60K,20K–25K,50K–60K,20K–25K,50K–60K,30K-35K,25K–30K,40K–45K,6K–7K,15K–20K,35K–40K,9K–10K,45K-50K,45K–50K,10K–15K,20K-25K,50K-60K,40K–45K,3.5K–4K,30K–35K,15K–20K,25K–30K,50K–60K,20K–25K,8K–9K,10K–15K,10K-15K,6K-7K,40K–45K,8K–9K,7K–8K,35K-40K,6K–7K,10K–15K,30K–35K,5K–6K,6K–7K,20K–25K,25K–30K,20K–25K,7K–8K,4K–4.5K,15K–20K,4.5K–5K,4K–4.5K,25K–30K,4K–4.5K,3.5K–4K,10K–15K,15K-20K,3.5K–4K,10K–15K,10K–15K,3K–3.5K,2.5K–3K,10K–15K,15K–20K,6K–7K,8K–9K,1K–1.5K,10K–15K,3.5K–4K,10K–15K,4K–4.5K,7K–8K,10K–15K,2K–2.5K,4.5K–5K,8K–9K,8K–9K,7K–8K,10K–15K,2K–2.5K,7K–8K,5K–6K,1K–1.5K,7K–8K,1.5K–2K,2K–2.5K,2.5K–3K,1.5K–2K,1.5K–2K,3.5K–4K,1.5K–2K,2.5K–3K,4K–4.5K,1K–1.5K,0,0,2.5K–3K,1K–1.5K,2.5K–3K,0,4K–4.5K,2.5K–3K,0,2K–2.5K,1K–1.5K,4K–4.5K,2.5K–3K,0,3.5K–4K,1K–1.5K,2K–2.5K,1K–1.5K,2.5K–3K,0,2.5K–3K,0,2K–2.5K,0,1K–1.5K,1.5K–2K,0,0,1K–1.5K,0,0,0,0,1K–1.5K,0,0,0,0,0,0,0,0,0,0,0,0,0,0,0,0,0,0,0,0,0,0,0,0,0,0,0,0,0,0,0,0.0,0.0,0.0,0.0,0.0,0.0,0.0,0.0,0.0,0.0
56,600K–700K,2.5M-3M,900K-1M,200K–250K,450K–500K,250K–300K,200K–250K,250K–300K,300K–350K,500K-600K,100K-150K,50K–60K,250K-300K,350K-400K,350K–400K,150K-200K,400K–450K,25K–30K,300K–350K,250K–300K,300K-350K,100K-150K,100K–150K,50K–60K,50K–60K,200K–250K,50K–60K,70K–80K,40K–45K,35K–40K,200K-250K,80K–90K,100K–150K,100K-150K,100K–150K,70K–80K,100K–150K,50K–60K,100K–150K,80K–90K,25K–30K,10K–15K,90K-100K,10K–15K,9K–10K,80K–90K,25K–30K,70K–80K,15K–20K,50K–60K,45K–50K,20K–25K,50K–60K,15K–20K,45K–50K,25K-30K,20K–25K,35K–40K,5K–6K,10K–15K,35K–40K,10K–15K,40K-45K,40K–45K,10K–15K,20K-25K,50K-60K,40K–45K,2.5K–3K,25K–30K,10K–15K,25K–30K,45K–50K,15K–20K,7K–8K,10K–15K,10K-15K,5K-6K,40K–45K,7K–8K,6K–7K,35K-40K,5K–6K,10K–15K,25K–30K,4K–4.5K,5K–6K,20K–25K,25K–30K,20K–25K,6K–7K,4K–4.5K,15K–20K,4K–4.5K,3.5K–4K,25K–30K,3.5K–4K,3K–3.5K,10K–15K,15K-20K,3K–3.5K,10K–15K,10K–15K,3K–3.5K,2K–2.5K,10K–15K,15K–20K,5K–6K,7K–8K,1K–1.5K,10K–15K,2.5K–3K,9K–10K,4K–4.5K,7K–8K,10K–15K,1.5K–2K,4.5K–5K,8K–9K,7K–8K,6K–7K,9K–10K,1.5K–2K,6K–7K,5K–6K,0,7K–8K,1K–1.5K,2K–2.5K,2K–2.5K,1.5K–2K,1K–1.5K,3K–3.5K,1.5K–2K,2.5K–3K,4K–4.5K,1K–1.5K,0,0,2K–2.5K,1K–1.5K,2K–2.5K,0,4K–4.5K,2K–2.5K,0,1.5K–2K,0,3.5K–4K,2.5K–3K,0,3.5K–4K,1K–1.5K,2K–2.5K,1K–1.5K,2K–2.5K,0,2.5K–3K,0,2K–2.5K,0,1K–1.5K,1K–1.5K,0,0,1K–1.5K,0,0,0,0,1K–1.5K,0,0,0,0,0,0,0,0,0,0,0,0,0,0,0,0,0,0,0,0,0,0,0,0,0,0,0,0,0,0,0,0.0,0.0,0.0,0.0,0.0,0.0,0.0,0.0,0.0,0.0
57,600K–700K,3M-3.5M,900K-1M,150K–200K,400K–450K,250K–300K,200K–250K,250K–300K,300K–350K,500K-600K,100K-150K,50K–60K,250K-300K,350K-400K,300K–350K,150K-200K,400K–450K,25K–30K,300K–350K,250K–300K,300K-350K,100K-150K,100K–150K,100K–150K,40K–45K,200K–250K,45K–50K,80K–90K,40K–45K,35K–40K,200K-250K,80K–90K,100K–150K,100K-150K,100K–150K,70K–80K,100K–150K,50K–60K,100K–150K,80K–90K,20K–25K,15K–20K,80K-90K,20K–25K,10K–15K,70K–80K,25K–30K,70K–80K,15K–20K,50K–60K,50K–60K,20K–25K,50K–60K,15K–20K,50K–60K,25K-30K,20K–25K,35K–40K,6K–7K,15K–20K,40K–45K,10K–15K,35K-40K,40K–45K,10K–15K,20K-25K,50K-60K,40K–45K,3.5K–4K,25K–30K,15K–20K,25K–30K,45K–50K,15K–20K,9K–10K,10K–15K,10K-15K,5K-6K,40K–45K,6K–7K,8K–9K,30K-35K,6K–7K,9K–10K,25K–30K,3.5K–4K,15K–20K,20K–25K,25K–30K,20K–25K,6K–7K,2.5K–3K,10K–15K,4K–4.5K,3.5K–4K,25K–30K,5K–6K,3.5K–4K,10K–15K,15K-20K,4.5K–5K,10K–15K,10K–15K,3K–3.5K,3.5K–4K,10K–15K,15K–20K,5K–6K,7K–8K,1.5K–2K,10K–15K,4K–4.5K,8K–9K,3.5K–4K,6K–7K,9K–10K,2.5K–3K,4K–4.5K,8K–9K,7K–8K,6K–7K,9K–10K,2K–2.5K,6K–7K,4.5K–5K,1.5K–2K,7K–8K,1.5K–2K,4K–4.5K,2.5K–3K,3K–3.5K,1.5K–2K,3K–3.5K,2K–2.5K,2K–2.5K,3.5K–4K,1K–1.5K,0,1K–1.5K,2K–2.5K,0,2K–2.5K,0,3.5K–4K,2K–2.5K,0,1.5K–2K,0,3.5K–4K,2K–2.5K,0,3.5K–4K,1K–1.5K,1.5K–2K,1K–1.5K,2K–2.5K,0,2.5K–3K,0,2K–2.5K,0,1K–1.5K,1K–1.5K,0,0,1K–1.5K,0,0,0,0,0,0,0,0,0,0,0,0,0,0,0,0,0,0,0,0,0,0,0,0,0,0,0,0,0,0,0,0,0,0,0,0,0.0,0.0,0.0,0.0,0.0,0.0,0.0,0.0,0.0,0.0
58,600K–700K,2.5M-3M,900K-1M,150K–200K,400K–450K,250K–300K,200K–250K,250K–300K,300K–350K,450K-500K,100K-150K,60K–70K,250K-300K,350K-400K,300K–350K,150K-200K,400K–450K,25K–30K,300K–350K,200K–250K,300K-350K,100K–150K,100K–150K,150K–200K,40K–45K,150K–200K,50K–60K,80K–90K,45K–50K,45K–50K,150K-200K,70K–80K,100K–150K,100K-150K,90K–100K,60K–70K,90K–100K,45K–50K,100K–150K,80K–90K,25K–30K,20K–25K,80K-90K,20K–25K,10K–15K,70K–80K,25K–30K,70K–80K,15K–20K,50K–60K,50K–60K,20K–25K,50K–60K,15K–20K,50K–60K,25K-30K,20K–25K,35K–40K,7K–8K,20K–25K,35K–40K,10K–15K,35K-40K,40K–45K,10K–15K,20K-25K,45K-50K,35K–40K,5K–6K,25K–30K,15K–20K,25K–30K,40K–45K,15K–20K,10K–15K,10K–15K,10K-15K,5K-6K,35K–40K,7K–8K,9K–10K,30K-35K,7K–8K,9K–10K,25K–30K,4K–4.5K,20K–25K,15K–20K,25K–30K,15K–20K,7K–8K,4K–4.5K,10K–15K,4.5K–5K,3.5K–4K,25K–30K,7K–8K,3.5K–4K,10K–15K,15K-20K,5K–6K,10K–15K,10K–15K,4.5K–5K,4K–4.5K,10K–15K,15K–20K,5K–6K,8K–9K,3K–3.5K,10K–15K,5K–6K,8K–9K,4K–4.5K,6K–7K,9K–10K,2.5K–3K,4K–4.5K,8K–9K,7K–8K,6K–7K,9K–10K,2K–2.5K,6K–7K,4.5K–5K,1K–1.5K,6K–7K,1.5K–2K,5K–6K,3K–3.5K,4K–4.5K,2K–2.5K,3K–3.5K,1.5K–2K,2K–2.5K,3.5K–4K,1.5K–2K,1K–1.5K,1K–1.5K,2K–2.5K,1K–1.5K,2K–2.5K,0,4K–4.5K,2K–2.5K,0,1.5K–2K,0,3K–3.5K,2K–2.5K,0,3.5K–4K,1K–1.5K,1.5K–2K,0,2K–2.5K,0,2.5K–3K,0,2K–2.5K,0,1K–1.5K,1K–1.5K,0,0,1K–1.5K,0,0,0,0,0,0,0,0,0,0,0,0,0,0,0,0,0,0,0,0,0,0,0,0,0,0,0,0,0,0,0,0,0,0,0,0,0.0,0.0,0.0,0.0,0.0,0.0,0.0,0.0,0.0,0.0
59,450K–500K,2.5M-3M,800K-900K,100K–150K,350K–400K,200K–250K,150K–200K,200K–250K,200K–250K,450K-500K,100K-150K,40K–45K,200K-250K,300K-350K,250K–300K,100K-150K,350K–400K,15K–20K,250K–300K,200K–250K,250K-300K,100K–150K,90K–100K,45K–50K,30K–35K,150K–200K,30K–35K,60K–70K,30K–35K,25K–30K,150K-200K,60K–70K,100K–150K,90K-100K,80K–90K,50K–60K,80K–90K,35K–40K,100K–150K,70K–80K,15K–20K,10K–15K,70K-80K,10K–15K,7K–8K,70K–80K,20K–25K,60K–70K,15K–20K,50K–60K,45K–50K,15K–20K,45K–50K,10K–15K,40K–45K,20K-25K,15K–20K,30K–35K,3.5K–4K,10K–15K,30K–35K,7K–8K,30K-35K,35K–40K,8K–9K,15K-20K,45K-50K,35K–40K,2K–2.5K,20K–25K,10K–15K,20K–25K,40K–45K,10K–15K,5K–6K,9K–10K,7K-8K,3.5K-4K,35K–40K,4.5K–5K,5K–6K,30K-35K,3.5K–4K,7K–8K,20K–25K,2K–2.5K,4.5K–5K,15K–20K,20K–25K,15K–20K,4K–4.5K,2K–2.5K,10K–15K,3K–3.5K,2.5K–3K,20K–25K,3K–3.5K,2K–2.5K,7K–8K,10K-15K,2.5K–3K,9K–10K,9K–10K,3K–3.5K,1.5K–2K,10K–15K,15K–20K,4K–4.5K,6K–7K,0,10K–15K,2K–2.5K,7K–8K,2.5K–3K,4.5K–5K,8K–9K,1K–1.5K,3.5K–4K,7K–8K,7K–8K,5K–6K,8K–9K,1K–1.5K,5K–6K,4K–4.5K,0,5K–6K,1K–1.5K,1.5K–2K,2K–2.5K,1K–1.5K,1K–1.5K,2.5K–3K,1K–1.5K,1.5K–2K,3K–3.5K,0,0,0,1.5K–2K,0,1.5K–2K,0,3.5K–4K,1.5K–2K,0,1K–1.5K,0,3K–3.5K,1.5K–2K,0,3K–3.5K,0,1.5K–2K,0,1.5K–2K,0,2K–2.5K,0,1.5K–2K,0,1K–1.5K,1K–1.5K,0,0,1K–1.5K,0,0,0,0,0,0,0,0,0,0,0,0,0,0,0,0,0,0,0,0,0,0,0,0,0,0,0,0,0,0,0,0,0,0,0,0,0.0,0.0,0.0,0.0,0.0,0.0,0.0,0.0,0.0,0.0
60,400K–450K,2.5M-3M,700K-800K,100K–150K,300K–350K,150K–200K,150K–200K,150K–200K,200K–250K,400K-450K,100K-150K,35K–40K,200K-250K,300K-350K,200K–250K,100K-150K,350K–400K,15K–20K,250K–300K,150K–200K,250K-300K,100K–150K,80K–90K,40K–45K,25K–30K,150K–200K,30K–35K,50K–60K,25K–30K,20K–25K,150K-200K,50K–60K,100K–150K,80K-90K,70K–80K,50K–60K,70K–80K,35K–40K,100K–150K,80K–90K,15K–20K,10K–15K,70K-80K,9K–10K,7K–8K,60K–70K,20K–25K,60K–70K,10K–15K,50K–60K,40K–45K,15K–20K,40K–45K,10K–15K,40K–45K,15K-20K,15K–20K,30K–35K,4K–4.5K,15K–20K,30K–35K,6K–7K,25K-30K,30K–35K,7K–8K,15K-20K,40K-45K,30K–35K,2K–2.5K,20K–25K,10K–15K,20K–25K,40K–45K,10K–15K,5K–6K,8K–9K,6K-7K,3K-3.5K,30K–35K,4K–4.5K,4.5K–5K,25K-30K,3K–3.5K,6K–7K,20K–25K,1.5K–2K,4K–4.5K,15K–20K,20K–25K,10K–15K,3.5K–4K,1.5K–2K,9K–10K,2.5K–3K,2K–2.5K,20K–25K,2.5K–3K,2K–2.5K,6K–7K,10K-15K,2K–2.5K,7K–8K,8K–9K,3.5K–4K,1.5K–2K,10K–15K,15K–20K,3.5K–4K,6K–7K,0,8K–9K,2K–2.5K,6K–7K,2.5K–3K,4K–4.5K,7K–8K,1K–1.5K,3K–3.5K,6K–7K,5K–6K,4.5K–5K,7K–8K,1K–1.5K,4.5K–5K,3.5K–4K,0,5K–6K,0,1K–1.5K,1.5K–2K,1K–1.5K,0,2K–2.5K,1K–1.5K,1.5K–2K,2.5K–3K,0,0,0,1.5K–2K,0,1.5K–2K,0,3.5K–4K,1.5K–2K,0,1K–1.5K,0,2.5K–3K,1.5K–2K,0,3K–3.5K,0,1K–1.5K,0,1.5K–2K,0,1.5K–2K,0,1.5K–2K,0,0,1K–1.5K,0,0,0,0,0,0,0,0,0,0,0,0,0,0,0,0,0,0,0,0,0,0,0,0,0,0,0,0,0,0,0,0,0,0,0,0,0,0,0,0.0,0.0,0.0,0.0,0.0,0.0,0.0,0.0,0.0,0.0
61,400K–450K,2.5M-3M,600K-700K,80K–90K,250K–300K,150K–200K,100K–150K,150K–200K,150K–200K,350K-400K,90K-100K,30K–35K,200K-250K,250K-300K,200K–250K,100K-150K,300K–350K,15K–20K,200K–250K,150K–200K,250K-300K,90K–100K,70K–80K,30K–35K,20K–25K,100K–150K,30K–35K,50K–60K,25K–30K,20K–25K,150K-200K,45K–50K,90K–100K,80K-90K,60K–70K,45K–50K,60K–70K,30K–35K,100K–150K,70K–80K,10K–15K,10K–15K,60K-70K,7K–8K,6K–7K,60K–70K,15K–20K,50K–60K,10K–15K,50K–60K,40K–45K,10K–15K,35K–40K,10K–15K,35K–40K,15K-20K,10K–15K,30K–35K,3K–3.5K,15K–20K,30K–35K,5K–6K,25K-30K,25K–30K,6K–7K,10K-15K,40K-45K,30K–35K,1.5K–2K,15K–20K,10K–15K,20K–25K,35K–40K,10K–15K,4K–4.5K,8K–9K,5K-6K,2.5K-3K,30K–35K,3K–3.5K,4K–4.5K,25K-30K,2.5K–3K,6K–7K,20K–25K,1.5K–2K,3.5K–4K,15K–20K,20K–25K,10K–15K,3K–3.5K,1.5K–2K,8K–9K,2K–2.5K,1.5K–2K,20K–25K,2.5K–3K,2K–2.5K,5K–6K,10K-15K,2K–2.5K,7K–8K,8K–9K,2K–2.5K,1K–1.5K,8K–9K,10K–15K,3K–3.5K,5K–6K,0,7K–8K,1.5K–2K,6K–7K,2K–2.5K,3.5K–4K,7K–8K,1K–1.5K,2.5K–3K,5K–6K,5K–6K,4K–4.5K,6K–7K,0,4.5K–5K,3.5K–4K,0,5K–6K,0,1K–1.5K,1K–1.5K,1K–1.5K,0,1.5K–2K,0,1K–1.5K,2.5K–3K,0,0,0,1.5K–2K,0,1.5K–2K,0,3K–3.5K,1.5K–2K,0,1K–1.5K,0,2K–2.5K,1K–1.5K,0,3K–3.5K,0,1K–1.5K,0,1.5K–2K,0,1.5K–2K,0,1.5K–2K,0,0,0,0,0,0,0,0,0,0,0,0,0,0,0,0,0,0,0,0,0,0,0,0,0,0,0,0,0,0,0,0,0,0,0,0,0,0,0,0,0,0,0.0,0.0,0.0,0.0,0.0,0.0,0.0,0.0,0.0,0.0
62,350K–400K,2M-2.5M,600K-700K,80K–90K,250K–300K,150K–200K,100K–150K,150K–200K,200K–250K,350K-400K,90K-100K,35K–40K,150K-200K,250K-300K,200K–250K,100K-150K,300K–350K,15K–20K,200K–250K,150K–200K,250K-300K,80K–90K,70K–80K,30K–35K,20K–25K,100K–150K,30K–35K,45K–50K,25K–30K,15K–20K,150K-200K,35K–40K,90K–100K,70K-80K,50K–60K,40K–45K,50K–60K,30K–35K,100K–150K,70K–80K,10K–15K,10K–15K,60K-70K,7K–8K,6K–7K,60K–70K,20K–25K,50K–60K,10K–15K,50K–60K,40K–45K,10K–15K,35K–40K,10K–15K,30K–35K,15K-20K,10K–15K,25K–30K,2.5K–3K,7K–8K,25K–30K,4.5K–5K,20K-25K,25K–30K,5K–6K,10K-15K,40K-45K,25K–30K,2K–2.5K,15K–20K,9K–10K,15K–20K,35K–40K,10K–15K,4K–4.5K,7K–8K,5K-6K,2.5K-3K,25K–30K,3K–3.5K,3.5K–4K,25K-30K,2.5K–3K,5K–6K,15K–20K,1.5K–2K,3.5K–4K,15K–20K,20K–25K,10K–15K,2.5K–3K,1.5K–2K,7K–8K,1.5K–2K,1.5K–2K,20K–25K,2K–2.5K,1.5K–2K,4.5K–5K,10K-15K,2K–2.5K,6K–7K,7K–8K,2K–2.5K,1K–1.5K,8K–9K,10K–15K,3K–3.5K,5K–6K,0,7K–8K,1.5K–2K,5K–6K,1.5K–2K,3.5K–4K,7K–8K,0,2.5K–3K,5K–6K,4K–4.5K,3.5K–4K,6K–7K,1K–1.5K,4K–4.5K,3K–3.5K,0,4.5K–5K,0,0,1.5K–2K,0,0,1.5K–2K,0,1K–1.5K,2K–2.5K,0,0,0,1.5K–2K,0,1K–1.5K,0,3K–3.5K,1K–1.5K,0,0,0,2K–2.5K,1K–1.5K,0,3K–3.5K,0,1K–1.5K,0,1.5K–2K,0,1.5K–2K,0,1K–1.5K,0,0,0,0,0,0,0,0,0,0,0,0,0,0,0,0,0,0,0,0,0,0,0,0,0,0,0,0,0,0,0,0,0,0,0,0,0,0,0,0,0,0,0.0,0.0,0.0,0.0,0.0,0.0,0.0,0.0,0.0,0.0
63,300K–350K,2M-2.5M,500K-600K,70K–80K,200K–250K,150K–200K,100K–150K,100K–150K,150K–200K,300K-350K,80K-90K,30K–35K,150K-200K,250K-300K,150K–200K,100K-150K,250K–300K,10K–15K,150K–200K,100K–150K,250K-300K,70K–80K,60K–70K,25K–30K,30K–35K,100K–150K,25K–30K,45K–50K,20K–25K,15K–20K,100K-150K,35K–40K,80K–90K,70K-80K,50K–60K,40K–45K,50K–60K,25K–30K,90K–100K,60K–70K,10K–15K,10K–15K,60K-70K,6K–7K,7K–8K,60K–70K,15K–20K,50K–60K,10K–15K,50K–60K,35K–40K,10K–15K,30K–35K,9K–10K,30K–35K,10K-15K,10K–15K,25K–30K,2.5K–3K,7K–8K,25K–30K,4.5K–5K,20K-25K,20K–25K,5K–6K,10K-15K,35K-40K,25K–30K,2K–2.5K,15K–20K,8K–9K,15K–20K,35K–40K,9K–10K,3.5K–4K,6K–7K,4.5K-5K,2K-2.5K,25K–30K,2.5K–3K,3K–3.5K,25K-30K,2K–2.5K,5K–6K,15K–20K,1K–1.5K,3.5K–4K,10K–15K,15K–20K,10K–15K,2.5K–3K,1.5K–2K,6K–7K,1.5K–2K,1.5K–2K,20K–25K,2K–2.5K,1.5K–2K,4K–4.5K,10K-15K,2K–2.5K,5K–6K,6K–7K,2K–2.5K,1K–1.5K,8K–9K,10K–15K,2.5K–3K,5K–6K,0,6K–7K,1.5K–2K,5K–6K,1.5K–2K,3K–3.5K,6K–7K,0,2K–2.5K,4.5K–5K,4K–4.5K,3K–3.5K,5K–6K,0,4K–4.5K,2.5K–3K,0,4.5K–5K,0,0,1K–1.5K,0,0,1K–1.5K,0,0,2K–2.5K,0,0,0,1K–1.5K,0,1K–1.5K,0,3K–3.5K,1K–1.5K,0,0,0,2K–2.5K,1K–1.5K,0,3K–3.5K,0,1K–1.5K,0,1K–1.5K,0,1K–1.5K,0,1K–1.5K,0,0,0,0,0,0,0,0,0,0,0,0,0,0,0,0,0,0,0,0,0,0,0,0,0,0,0,0,0,0,0,0,0,0,0,0,0,0,0,0,0,0,0.0,0.0,0.0,0.0,0.0,0.0,0.0,0.0,0.0,0.0
64,250K–300K,2M-2.5M,500K-600K,50K–60K,150K–200K,100K–150K,80K–90K,100K–150K,100K–150K,300K-350K,60K-70K,25K–30K,150K-200K,200K-250K,150K–200K,90K-100K,250K–300K,10K–15K,150K–200K,100K–150K,200K-250K,60K–70K,50K–60K,20K–25K,20K–25K,100K–150K,20K–25K,40K–45K,15K–20K,10K–15K,100K-150K,25K–30K,70K–80K,60K-70K,45K–50K,35K–40K,40K–45K,25K–30K,90K–100K,50K–60K,7K–8K,7K–8K,50K-60K,5K–6K,5K–6K,50K–60K,10K–15K,45K–50K,9K–10K,50K–60K,35K–40K,10K–15K,25K–30K,8K–9K,25K–30K,10K-15K,9K–10K,25K–30K,2K–2.5K,5K–6K,20K–25K,4K–4.5K,15K-20K,20K–25K,4K–4.5K,10K-15K,35K-40K,20K–25K,1K–1.5K,10K–15K,7K–8K,15K–20K,30K–35K,8K–9K,3K–3.5K,5K–6K,3K-3.5K,1.5K-2K,25K–30K,1.5K–2K,3K–3.5K,20K-25K,1.5K–2K,4K–4.5K,15K–20K,1K–1.5K,2.5K–3K,10K–15K,15K–20K,9K–10K,2K–2.5K,0,5K–6K,1K–1.5K,1K–1.5K,15K–20K,1.5K–2K,1.5K–2K,3K–3.5K,9K-10K,1.5K–2K,4K–4.5K,5K–6K,1.5K–2K,0,7K–8K,8K–9K,2K–2.5K,4K–4.5K,0,5K–6K,1K–1.5K,4.5K–5K,1K–1.5K,2.5K–3K,6K–7K,0,1.5K–2K,4K–4.5K,3.5K–4K,2.5K–3K,4.5K–5K,0,3K–3.5K,2.5K–3K,0,4K–4.5K,0,0,1K–1.5K,0,0,1K–1.5K,0,0,1.5K–2K,0,0,0,1K–1.5K,0,1K–1.5K,0,2.5K–3K,1K–1.5K,0,0,0,1.5K–2K,0,0,2.5K–3K,0,0,0,1K–1.5K,0,1K–1.5K,0,1K–1.5K,0,0,0,0,0,0,0,0,0,0,0,0,0,0,0,0,0,0,0,0,0,0,0,0,0,0,0,0,0,0,0,0,0,0,0,0,0,0,0,0,0,0,0.0,0.0,0.0,0.0,0.0,0.0,0.0,0.0,0.0,0.0
65,2.5M–3M,20M-25M,3.5M-4M,2M–2.5M,1.5M–2M,1M–1.5M,600K–700K,1M–1.5M,1M–1.5M,3.5M-4M,500K-600K,300K–350K,1.5M-2M,2M-2.5M,1M–1.5M,700K-800K,2M–2.5M,250K–300K,1M–1.5M,800K–900K,2M-2.5M,450K–500K,500K–600K,1M–1.5M,300K–350K,700K–800K,150K–200K,900K–1M,250K–300K,150K–200K,1M-1.5M,150K–200K,500K–600K,450K-500K,350K–400K,300K–350K,300K–350K,200K–250K,900K–1M,350K–400K,100K–150K,250K–300K,500K-600K,450K–500K,50K–60K,700K–800K,150K–200K,400K–450K,100K–150K,350K–400K,350K–400K,100K–150K,250K–300K,80K–90K,300K–350K,100K-150K,90K–100K,250K–300K,70K–80K,200K–250K,150K–200K,100K–150K,150K-200K,200K–250K,50K–60K,90K-100K,400K-450K,150K–200K,70K–80K,100K–150K,80K–90K,100K–150K,350K–400K,60K–70K,90K–100K,60K–70K,30K-35K,40K-45K,250K–300K,30K–35K,70K–80K,250K-300K,100K–150K,50K–60K,150K–200K,80K–90K,200K–250K,90K–100K,150K–200K,80K–90K,20K–25K,20K–25K,35K–40K,15K–20K,60K–70K,150K–200K,80K–90K,50K–60K,35K–40K,80K-90K,150K–200K,35K–40K,45K–50K,15K–20K,25K–30K,45K–50K,60K–70K,20K–25K,30K–35K,20K–25K,35K–40K,25K–30K,30K–35K,10K–15K,20K–25K,45K–50K,20K–25K,15K–20K,40K–45K,20K–25K,20K–25K,30K–35K,60K–70K,25K–30K,15K–20K,10K–15K,30K–35K,20K–25K,25K–30K,40K–45K,40K–45K,10K–15K,9K–10K,25K–30K,8K–9K,15K–20K,8K–9K,25K–30K,40K–45K,10K–15K,10K–15K,8K–9K,7K–8K,25K–30K,10K–15K,8K–9K,7K–8K,3.5K–4K,15K–20K,8K–9K,25K–30K,25K–30K,5K–6K,7K–8K,4K–4.5K,10K–15K,2.5K–3K,10K–15K,3K–3.5K,8K–9K,10K–15K,5K–6K,7K–8K,3K–3.5K,2K–2.5K,6K–7K,3K–3.5K,2.5K–3K,2K–2.5K,1.5K–2K,5K–6K,1.5K–2K,1.5K–2K,1K–1.5K,3.5K–4K,1K–1.5K,1.5K–2K,1.5K–2K,1.5K–2K,1K–1.5K,1K–1.5K,1.5K–2K,0,6K–7K,1K–1.5K,1K–1.5K,2K–2.5K,1K–1.5K,1K–1.5K,0,3.5K–4K,4.5K–5K,0,0,0,2K–2.5K,3.5K–4K,0,0,0,2K–2.5K,1K–1.5K,0.0,0.0,0.0,0.0,0.0,0.0,0.0,0.0,0.0,0.0
